config_name,method,metric,B,T,total_tokens,throughput_mean,throughput_std,throughput_min,throughput_max,throughput_median,throughput_p95,throughput_p99,encode_time_ms_mean,h2d_time_ms_mean,total_time_ms_mean,count
standard,HF Rust (robust adapter),encode_tok_s,4096,512,2097152,601988.6276349304,4013.658305167016,594271.6903969753,605217.1232131331,603675.6255603926,605127.3566295309,605199.1698964126,3483.863165276125,94.52865310013294,3578.391818376258,5
standard,HF Rust (robust adapter),h2d_tok_s,4096,512,2097152,22203155.38548398,629046.4466464086,21265984.81280803,23181085.435990803,22215098.10659408,23033582.725981224,23151584.89398889,3483.863165276125,94.52865310013294,3578.391818376258,5
standard,HF Rust (encode_batch),encode_tok_s,4096,512,2097152,601123.2035147802,2626.14777357864,596818.4239666186,604357.6729670425,601324.439936556,604116.1892045711,604309.3762145482,3488.7891380116343,95.06907882168889,3583.8582168333232,5
standard,HF Rust (encode_batch),h2d_tok_s,4096,512,2097152,22066147.630102303,388240.44132007577,21435856.661659323,22469069.77138169,22298778.78685199,22440856.963318545,22463427.209769063,3488.7891380116343,95.06907882168889,3583.8582168333232,5
standard,DNATok (encode i64),encode_tok_s,4096,512,2097152,330714159.66773534,72427547.60624042,201177215.9132324,387778887.43463147,378580495.1313529,387310201.9688113,387685150.34146744,6.757920980453491,1.6568695660680532,8.414790546521544,5
standard,DNATok (encode i64),h2d_tok_s,4096,512,2097152,1278983404.884191,131154838.50765939,1129068354.9136002,1437795031.941584,1246538155.5464451,1435584021.6984773,1437352829.8929627,6.757920980453491,1.6568695660680532,8.414790546521544,5
standard,DNATok (staging i64),encode_tok_s,4096,512,2097152,358494831.79391783,56116136.022609204,286183481.99403334,405758062.66911054,402255854.46354973,405562689.2069861,405718987.97668564,6.007267395034432,1.0742896236479282,7.081557018682361,5
standard,DNATok (staging i64),h2d_tok_s,4096,512,2097152,1957412010.1523576,101444093.34222402,1806386821.89865,2107753810.5204687,1982983584.495642,2085275956.7964988,2103258239.7756748,6.007267395034432,1.0742896236479282,7.081557018682361,5
standard,DNATok (staging i32),encode_tok_s,4096,512,2097152,359142099.1671807,88386475.44881903,182435495.32351005,406807957.1421238,400819708.890422,406467288.20236343,406739823.35417175,6.459039356559515,1.4666493982076645,7.9256887547671795,5
standard,DNATok (staging i32),h2d_tok_s,4096,512,2097152,1433918153.0361047,75626896.8155834,1317242753.9344926,1542220895.3109083,1429179246.0442572,1529803830.8629794,1539737482.4213226,6.459039356559515,1.4666493982076645,7.9256887547671795,5
standard,Streaming baseline,end2end_tok_s,4096,512,2097152,572083809.2381449,280033532.2458674,12163404.346076604,720091520.4116681,705827311.6716971,719723792.4737549,720017974.8240855,0.0,0.0,36.83935524895787,5
standard,Streaming pipelined,end2end_tok_s,4096,512,2097152,701105569.0593306,155879692.21354464,389662456.24250543,787278040.9037259,771698893.0209267,787085642.9418252,787239561.3113457,0.0,0.0,3.2303921412676573,5
large_batch,HF Rust (robust adapter),encode_tok_s,8192,512,4194304,600732.952479134,2903.4367860586,595235.6482835999,603863.687283272,601343.5215868426,603478.4563347176,603786.6410935612,6982.141534797847,191.98850113898516,7174.130035936832,5
large_batch,HF Rust (robust adapter),h2d_tok_s,8192,512,4194304,21884843.42644283,914821.9470849364,20532876.364657205,23262301.287707098,21624289.523968462,23095612.592078585,23228963.548581395,6982.141534797847,191.98850113898516,7174.130035936832,5
large_batch,HF Rust (encode_batch),encode_tok_s,8192,512,4194304,598012.8633389121,4854.6926531791505,588634.6033545786,602053.3694757962,600089.3896379377,601851.8545330251,602013.066487242,7014.2024672124535,194.1530944313854,7208.355561643839,5
large_batch,HF Rust (encode_batch),h2d_tok_s,8192,512,4194304,21604172.929430377,153803.07157938177,21363124.883099377,21788473.340376936,21590888.644096866,21780331.613083884,21786844.994918324,7014.2024672124535,194.1530944313854,7208.355561643839,5
large_batch,DNATok (encode i64),encode_tok_s,8192,512,4194304,267186362.2094,46905689.35049599,174567905.63093355,303282622.68716943,284040331.3444956,301017710.95248276,302829640.3402321,16.371641820296645,1.9493423867970705,18.320984207093716,5
large_batch,DNATok (encode i64),h2d_tok_s,8192,512,4194304,2165041104.627862,172632359.0090788,1999085872.8414626,2381275098.668845,2067663996.478826,2378548733.290252,2380729825.593127,16.371641820296645,1.9493423867970705,18.320984207093716,5
large_batch,DNATok (staging i64),encode_tok_s,8192,512,4194304,280435011.71389484,21527485.29370689,238010075.12493515,295164532.4728035,288342432.94137114,295114154.71254015,295154456.9207508,15.055870451033115,1.7077117692679167,16.763582220301032,5
large_batch,DNATok (staging i64),h2d_tok_s,8192,512,4194304,2459643245.307569,93677224.68255888,2325729522.307994,2605803419.8832235,2433969664.75113,2586668700.8230023,2601976476.0711794,15.055870451033115,1.7077117692679167,16.763582220301032,5
large_batch,DNATok (staging i32),encode_tok_s,8192,512,4194304,289078410.13594854,2296897.2102143825,285390132.4573175,291703524.3282868,290337936.9130601,291451384.5700317,291653096.3766358,14.510145923122764,7.968828408047557,22.47897433117032,5
large_batch,DNATok (staging i32),h2d_tok_s,8192,512,4194304,527293283.8480085,22300070.80562689,490814902.5338742,560328543.880104,530136866.9716672,554841628.6266568,559231160.8294145,14.510145923122764,7.968828408047557,22.47897433117032,5
large_batch,Streaming baseline,end2end_tok_s,8192,512,4194304,876198320.686882,35060288.774397224,853058077.8149422,945851563.8933161,862602058.0884073,929434970.3054651,942568245.175746,0.0,0.0,4.7941905446350574,5
large_batch,Streaming pipelined,end2end_tok_s,8192,512,4194304,965710277.7512337,11328301.684703402,943094233.9644929,972537438.9198554,970980564.620307,972319801.3603387,972493911.4079521,0.0,0.0,4.3438405729830265,5
long_sequence,HF Rust (robust adapter),encode_tok_s,2048,2048,4194304,602707.2271244578,1023.1817763098405,601168.5259803488,604071.0530547529,602898.6243303872,603935.927663458,604044.0279764939,6959.126925235614,193.79359763115644,7152.920522866771,5
long_sequence,HF Rust (robust adapter),h2d_tok_s,2048,2048,4194304,21644291.18026746,156948.01768917846,21402938.712790873,21847220.839918483,21697120.403288662,21825608.59563001,21842898.39106079,6959.126925235614,193.79359763115644,7152.920522866771,5
long_sequence,HF Rust (encode_batch),encode_tok_s,2048,2048,4194304,591258.4626689695,11764.770865269753,574777.2748566568,603850.64034338,593987.9025714714,603700.8692410286,603820.6861229098,7096.68274698779,204.17082402855158,7300.853571016341,5
long_sequence,HF Rust (encode_batch),h2d_tok_s,2048,2048,4194304,20580979.485815503,884615.163026856,19582562.68817741,21647505.792682014,20456207.566381417,21627549.063555516,21643514.446856715,7096.68274698779,204.17082402855158,7300.853571016341,5
long_sequence,DNATok (encode i64),encode_tok_s,2048,2048,4194304,94407431.35365658,15989104.072760768,64536921.02293989,112534939.29530251,99142336.54772152,110066915.2118908,112041334.47862017,46.05796476826072,1.3760361820459366,47.434000950306654,5
long_sequence,DNATok (encode i64),h2d_tok_s,2048,2048,4194304,3071594322.832961,275712515.84445596,2723807371.699246,3559242674.85415,2983874861.81324,3472168005.4458756,3541827740.972495,46.05796476826072,1.3760361820459366,47.434000950306654,5
long_sequence,DNATok (staging i64),encode_tok_s,2048,2048,4194304,111118840.11248699,32664076.084116437,66696581.01533403,160318700.4519535,118769209.7198955,153248388.36820763,158904638.03520432,41.47258843295276,1.1476458981633186,42.62023433111608,5
long_sequence,DNATok (staging i64),h2d_tok_s,2048,2048,4194304,3726481561.7879515,525187039.25730413,3131400400.5826674,4458326436.984528,3569991512.090415,4410336000.0478525,4448728349.597193,41.47258843295276,1.1476458981633186,42.62023433111608,5
long_sequence,DNATok (staging i32),encode_tok_s,2048,2048,4194304,79161627.76969817,16263995.706530666,60622728.608099945,107643312.2384953,78733477.73493902,102559117.8725465,106626473.36530554,55.08525003679097,32.65363606624305,87.73888610303402,5
long_sequence,DNATok (staging i32),h2d_tok_s,2048,2048,4194304,154446767.04849505,76859004.59907824,91560577.55017738,300670635.73194647,127399010.96793938,271936220.63889635,294923752.71333647,55.08525003679097,32.65363606624305,87.73888610303402,5
long_sequence,Streaming baseline,end2end_tok_s,2048,2048,4194304,706239123.9178497,232441102.49287438,392068416.56859154,898848298.6043303,893594137.741507,897809914.1057992,898640621.704624,0.0,0.0,6.801946274936199,5
long_sequence,Streaming pipelined,end2end_tok_s,2048,2048,4194304,989055956.3681046,21808675.465895668,945590313.4242868,1002740498.5972567,998888543.9645673,1002342285.8666393,1002660856.0511332,0.0,0.0,4.242846788838506,5
batch_sweep_256,HF Rust (robust adapter),encode_tok_s,256,512,131072,598394.0739076212,2841.6169897003406,595586.9093972001,602288.0479458258,597307.2643798376,601789.969589227,602188.4322745061,219.04452983289957,12.852890572200218,231.89742040509978,3
batch_sweep_256,HF Rust (robust adapter),h2d_tok_s,256,512,131072,10205668.350091446,279551.9356300357,9810914.38429021,10421777.843098756,10384312.822885372,10418031.341077417,10421028.542694489,219.04452983289957,12.852890572200218,231.89742040509978,3
batch_sweep_256,HF Rust (encode_batch),encode_tok_s,256,512,131072,577692.0445263238,26615.530554896388,541560.1826739954,604892.860202233,586623.0907027434,603065.883252284,604527.4648122431,227.38258028402925,21.237181965261698,248.61976224929094,3
batch_sweep_256,HF Rust (encode_batch),h2d_tok_s,256,512,131072,6953862.877071788,2486807.040739629,4458072.824740516,10347588.254831297,6055927.551643549,9918422.184512522,10261755.040767543,227.38258028402925,21.237181965261698,248.61976224929094,3
batch_sweep_256,DNATok (encode i64),encode_tok_s,256,512,131072,11279029.451420737,4960097.808733953,7645939.855809908,18292145.272603903,7899003.225848397,17252831.06792835,18084282.431668792,13.633886352181435,0.06695534102618694,13.700841693207622,3
batch_sweep_256,DNATok (encode i64),h2d_tok_s,256,512,131072,1978637196.4923675,197004261.71796632,1701526230.6825209,2142155715.5409975,2092229643.2535837,2137163108.312256,2141157194.0952492,13.633886352181435,0.06695534102618694,13.700841693207622,3
batch_sweep_256,DNATok (staging i64),encode_tok_s,256,512,131072,14548328.321784882,5101246.324189148,7674001.065967324,19880693.700173758,16090290.199213559,19501653.350077737,19804885.630154554,10.606322592745224,0.05839190756281217,10.664714500308037,3
batch_sweep_256,DNATok (staging i64),h2d_tok_s,256,512,131072,2255769905.2134986,159569837.55277586,2078894038.6986074,2465575031.1895027,2222840645.752386,2441301592.645791,2460720343.4807606,10.606322592745224,0.05839190756281217,10.664714500308037,3
batch_sweep_256,DNATok (staging i32),encode_tok_s,256,512,131072,5454112.286162606,2294836.106271633,3584129.7143816184,8686228.5181321,4091978.6259741,8226803.528916299,8594343.52028894,27.89706193531553,18.7190982978791,46.61616023319463,3
batch_sweep_256,DNATok (staging i32),h2d_tok_s,256,512,131072,7357553.844578433,1594422.2412866184,5393257.851552872,9298570.635088578,7380833.047093849,9106796.876289105,9260215.883328684,27.89706193531553,18.7190982978791,46.61616023319463,3
batch_sweep_256,Streaming baseline,end2end_tok_s,256,512,131072,344355643.8596199,212421951.02444002,58001414.35281533,566181149.2400248,408884367.98601973,550451471.1146243,563035213.6149447,0.0,0.0,0.9372896359612545,3
batch_sweep_256,Streaming pipelined,end2end_tok_s,256,512,131072,242718148.8971157,43220928.427147195,181773020.3614576,277233170.58413345,269148255.7457561,276424679.1002957,277071472.2873659,0.0,0.0,0.56028311761717,3
batch_sweep_512,HF Rust (robust adapter),encode_tok_s,512,512,262144,599246.7549110313,1903.5508162332544,596564.9140031836,600790.2971153159,600385.0536145945,600749.7727652438,600782.1922453014,437.4602762982249,17.434291696796816,454.89456799502176,3
batch_sweep_512,HF Rust (robust adapter),h2d_tok_s,512,512,262144,15213914.44283303,1706718.103533962,13849166.254569666,17620361.277416736,14172215.796512693,17275546.72932633,17551398.367798656,437.4602762982249,17.434291696796816,454.89456799502176,3
batch_sweep_512,HF Rust (encode_batch),encode_tok_s,512,512,262144,597544.5049865046,3696.994045504896,592394.9319628229,600902.279821423,599336.3031752676,600745.6821568075,600870.9602885,438.71890877683956,16.704106392959755,455.4230151697993,3
batch_sweep_512,HF Rust (encode_batch),h2d_tok_s,512,512,262144,16189540.3893447,3008973.083730687,13792871.828090943,20433012.332466826,14342737.007476326,19823984.799967777,20311206.825967018,438.71890877683956,16.704106392959755,455.4230151697993,3
batch_sweep_512,DNATok (encode i64),encode_tok_s,512,512,262144,34495067.41663001,1500796.0848380192,32377087.385349803,35673237.014084354,35434877.850455865,35649401.0977215,35668469.83081178,7.614325654382507,0.2876006377240022,7.901926292106509,3
batch_sweep_512,DNATok (encode i64),h2d_tok_s,512,512,262144,913326784.8060786,40386819.55297224,856542870.3908222,947041625.4585266,936395858.568887,945977048.7695626,946828710.1207339,7.614325654382507,0.2876006377240022,7.901926292106509,3
batch_sweep_512,DNATok (staging i64),encode_tok_s,512,512,262144,30069004.60809974,8164761.778409448,18522760.867873825,35932647.00480264,35751605.95162276,35914542.89948465,35929026.18373904,9.593443556999167,0.22352300584316254,9.81696656284233,3
batch_sweep_512,DNATok (staging i64),h2d_tok_s,512,512,262144,1177330726.8211784,72421757.9660093,1081987446.3331914,1257400062.811515,1192604671.3188288,1250920523.6622465,1256104154.9816613,9.593443556999167,0.22352300584316254,9.81696656284233,3
batch_sweep_512,DNATok (staging i32),encode_tok_s,512,512,262144,17492944.433492232,1728201.237552133,15048905.496349193,18719916.83166444,18710010.972463064,18718926.245744303,18719718.71448041,15.144616287822524,13.582106679677963,28.72672296750049,3
batch_sweep_512,DNATok (staging i32),h2d_tok_s,512,512,262144,19300716.86251648,23705.66914278337,19272275.9060709,19330308.486487266,19299566.194991287,19327234.257337667,19329693.640657347,15.144616287822524,13.582106679677963,28.72672296750049,3
batch_sweep_512,Streaming baseline,end2end_tok_s,512,512,262144,393441968.51908463,75548526.53509322,286697019.5736808,450752297.53682566,442876588.44674724,449964726.6278178,450594783.3550241,0.0,0.0,0.6959470144162575,3
batch_sweep_512,Streaming pipelined,end2end_tok_s,512,512,262144,360777986.8060755,13471966.0890753,341728970.5220796,370605874.93560696,369999114.96054,370545198.9381003,370593739.7361056,0.0,0.0,0.7276496229072412,3
batch_sweep_1024,HF Rust (robust adapter),encode_tok_s,1024,512,524288,582262.4926326898,21089.90870848957,552658.542784029,600207.8716063149,593921.0635077253,599579.190796456,600082.1354443431,901.6443584114313,35.463245663171016,937.1076040746024,3
batch_sweep_1024,HF Rust (robust adapter),h2d_tok_s,1024,512,524288,15031455.443724195,1981635.1462281146,13002300.068184696,17720014.351695996,14372051.911291895,17385218.107655585,17653055.102887914,901.6443584114313,35.463245663171016,937.1076040746024,3
batch_sweep_1024,HF Rust (encode_batch),encode_tok_s,1024,512,524288,596011.1113857252,1796.555318423196,593867.9982251073,598264.4953662165,595900.8405658518,598028.12988618,598217.2222702092,879.6694430833062,28.39982439763844,908.0692674809446,3
batch_sweep_1024,HF Rust (encode_batch),h2d_tok_s,1024,512,524288,18584663.980465833,1552745.8671369336,17148118.50166652,20741262.971928,17864610.46780299,20453597.7215155,20683729.9218455,879.6694430833062,28.39982439763844,908.0692674809446,3
batch_sweep_1024,DNATok (encode i64),encode_tok_s,1024,512,524288,62535894.68211157,3882426.098064687,57046380.31428125,65374314.10195456,65186989.63009892,65355581.654768996,65370567.61251745,8.417724864557385,0.5283627348641554,8.94608759942154,3
batch_sweep_1024,DNATok (encode i64),h2d_tok_s,1024,512,524288,995147954.9729687,54016303.90320084,940397948.0151112,1068658293.983682,976387622.920113,1059431226.8773252,1066812880.5624107,8.417724864557385,0.5283627348641554,8.94608759942154,3
batch_sweep_1024,DNATok (staging i64),encode_tok_s,1024,512,524288,52547029.22761563,9353415.645219857,45409122.12199898,65760529.838842824,46471435.722005114,63831620.42715905,65374747.956506066,10.266833395386735,0.40800853942831355,10.67484193481505,3
batch_sweep_1024,DNATok (staging i64),h2d_tok_s,1024,512,524288,1293536927.4018335,105538697.53501533,1169330599.296391,1427314466.6524143,1283965716.256695,1412979591.6128423,1424447491.6445,10.266833395386735,0.40800853942831355,10.67484193481505,3
batch_sweep_1024,DNATok (staging i32),encode_tok_s,1024,512,524288,181692701.63875875,163959577.49344787,24461768.149774168,407898614.3592077,112717722.40729435,378380525.1640163,401994996.52016944,9.123210329562426,4.8673630226403475,13.990573352202773,3
batch_sweep_1024,DNATok (staging i32),h2d_tok_s,1024,512,524288,863318410.8602638,584635293.2359298,38048866.11117336,1319487916.814037,1232418449.6555808,1310780970.0981915,1317746527.4708679,9.123210329562426,4.8673630226403475,13.990573352202773,3
batch_sweep_1024,Streaming baseline,end2end_tok_s,1024,512,524288,459930519.57046384,55663038.585635155,398694780.63290954,533387611.773292,447709166.30518985,524819767.2264818,531674042.86393,0.0,0.0,1.1563322817285855,3
batch_sweep_1024,Streaming pipelined,end2end_tok_s,1024,512,524288,396738958.00402284,121043538.13755234,226303032.79909357,495777330.764672,468136510.448303,493013248.7330351,495224514.3583446,0.0,0.0,1.4980686052391927,3
batch_sweep_2048,HF Rust (robust adapter),encode_tok_s,2048,512,1048576,597531.1400884339,1643.6022261043308,595435.3367969905,599449.5868732288,597708.4965950821,599275.4778454141,599414.7650676658,1754.8607375938445,47.311451053246856,1802.1721886470914,3
batch_sweep_2048,HF Rust (robust adapter),h2d_tok_s,2048,512,1048576,22168213.922749616,332487.6277535857,21825185.980638873,22618243.435763173,22061212.3518468,22562540.327371534,22607102.814084847,1754.8607375938445,47.311451053246856,1802.1721886470914,3
batch_sweep_2048,HF Rust (encode_batch),encode_tok_s,2048,512,1048576,599738.3472689328,2285.989975658583,597011.6662842672,602605.8597458188,599597.5157767127,602305.0253489082,602545.6928664367,1748.4145113267004,46.44153562063972,1794.8560469473402,3
batch_sweep_2048,HF Rust (encode_batch),h2d_tok_s,2048,512,1048576,22582276.345311124,295072.6630019865,22200862.041711625,22919592.36940006,22626374.62482169,22890270.594942223,22913728.014508493,1748.4145113267004,46.44153562063972,1794.8560469473402,3
batch_sweep_2048,DNATok (encode i64),encode_tok_s,2048,512,1048576,318561076.5531728,82543834.79007041,201847237.95725593,378825062.4284589,375010929.27380353,378443649.11299336,378748779.76536584,3.5863296749691167,1.0910287188986938,4.67735839386781,3
batch_sweep_2048,DNATok (encode i64),h2d_tok_s,2048,512,1048576,963390323.9761896,47773995.552987486,919525884.9682938,1029824961.6114845,940820125.3487905,1020924477.9852151,1028044864.8862306,3.5863296749691167,1.0910287188986938,4.67735839386781,3
batch_sweep_2048,DNATok (staging i64),encode_tok_s,2048,512,1048576,369696078.605047,21977518.660385262,338616360.5768671,385471171.9023449,385000703.335929,385424125.0457033,385461762.5310166,2.846820978447795,1.081545992443959,3.9283669708917537,3
batch_sweep_2048,DNATok (staging i64),h2d_tok_s,2048,512,1048576,969966777.9179735,20754705.303283464,940618320.9160599,985012142.5722948,984269870.2655658,984937915.3416219,984997297.1261603,2.846820978447795,1.081545992443959,3.9283669708917537,3
batch_sweep_2048,DNATok (staging i32),encode_tok_s,2048,512,1048576,391929502.1725548,14096732.32344302,371995071.73151064,402098349.58689255,401695085.1992613,402058023.1481294,402090284.2991399,2.678976006185015,1.2890433426946402,3.9680193488796554,3
batch_sweep_2048,DNATok (staging i32),h2d_tok_s,2048,512,1048576,815155673.4724497,37254275.67883435,769780691.6866201,861030550.0628425,814655778.6678861,856393072.9233469,860103054.6349434,2.678976006185015,1.2890433426946402,3.9680193488796554,3
batch_sweep_2048,Streaming baseline,end2end_tok_s,2048,512,1048576,558496648.6706765,63272524.955404334,513347787.61179566,647976264.949525,514165893.45070875,634595227.7996434,645300057.5195487,0.0,0.0,1.9000760124375422,3
batch_sweep_2048,Streaming pipelined,end2end_tok_s,2048,512,1048576,522307931.23591214,41008351.490974754,467191179.0292282,565491129.1830784,534241485.49542975,562366164.8143135,564866136.3093255,0.0,0.0,2.0204795679698386,3
batch_sweep_4096,HF Rust (robust adapter),encode_tok_s,4096,512,2097152,599554.3247731976,701.9825412972516,598742.1343615636,600454.8178793606,599466.0220786686,600355.9382992914,600435.0419633468,3497.856303661441,95.31419739748041,3593.170501058921,3
batch_sweep_4096,HF Rust (robust adapter),h2d_tok_s,4096,512,2097152,22007898.85457455,344444.88386266574,21596045.877467163,22439094.650768198,21988556.03548829,22394040.789240208,22430083.8784626,3497.856303661441,95.31419739748041,3593.170501058921,3
batch_sweep_4096,HF Rust (encode_batch),encode_tok_s,4096,512,2097152,599784.6060281284,3119.3560442251396,595819.7488908869,603441.9985088722,600092.0706846262,603107.0057264477,603374.9999523873,3496.6031953226775,95.86008226809402,3592.4632775907717,3
batch_sweep_4096,HF Rust (encode_batch),h2d_tok_s,4096,512,2097152,21883377.39501756,367347.39416806155,21444326.237712648,22343406.03592705,21862399.91141298,22295305.42347564,22333785.913436767,3496.6031953226775,95.86008226809402,3592.4632775907717,3
batch_sweep_4096,DNATok (encode i64),encode_tok_s,4096,512,2097152,372621718.6998992,3266722.662002336,368381880.0344543,376330675.94718134,373152600.1180619,376012868.3642694,376267114.430599,5.628532730042934,1.7810413458695014,7.4095740759124356,3
batch_sweep_4096,DNATok (encode i64),h2d_tok_s,4096,512,2097152,1178596857.7047462,36258185.78017995,1136283406.6479993,1224836704.0289114,1174670462.437328,1219820079.8697531,1223833379.1970797,5.628532730042934,1.7810413458695014,7.4095740759124356,3
batch_sweep_4096,DNATok (staging i64),encode_tok_s,4096,512,2097152,299391972.93188757,63253190.63285338,251719448.78994685,388779337.35290384,257677132.652812,375669116.88289464,386157293.258902,7.288061392803987,1.3946423617502053,8.682703754554192,3
batch_sweep_4096,DNATok (staging i64),h2d_tok_s,4096,512,2097152,1513408312.5229845,121641083.44076979,1371070229.2607942,1668241757.043844,1500912951.2643154,1651508876.4658911,1664895180.9282534,7.288061392803987,1.3946423617502053,8.682703754554192,3
batch_sweep_4096,DNATok (staging i32),encode_tok_s,4096,512,2097152,332810876.6159652,90347521.30935925,205142993.36341664,401082790.6934728,392206845.79100615,400195196.20322615,400905271.79542345,6.932887015864253,1.8104327221711476,8.743319738035401,3
batch_sweep_4096,DNATok (staging i32),h2d_tok_s,4096,512,2097152,1159419145.2009704,34653456.19097617,1112957188.5770133,1196150419.0273073,1169149827.9985905,1193450359.9244356,1195610407.206733,6.932887015864253,1.8104327221711476,8.743319738035401,3
batch_sweep_4096,Streaming baseline,end2end_tok_s,4096,512,2097152,705638029.4333285,77912281.08414449,604054948.8550398,793390949.8478252,719468189.5971205,785998673.8227547,791912494.6428111,0.0,0.0,3.009977051988244,3
batch_sweep_4096,Streaming pipelined,end2end_tok_s,4096,512,2097152,781375034.884757,6022281.876501647,772866080.8740506,785945889.4064126,785313134.3738081,785882613.9031521,785933234.3057605,0.0,0.0,2.68408531943957,3
batch_sweep_8192,HF Rust (robust adapter),encode_tok_s,8192,512,4194304,597639.9681781934,1372.8710559086157,596125.1389381788,599449.1107499187,597345.6548464827,599238.7651595752,599407.0416318501,7018.148618983105,192.69706277797619,7210.845681761081,3
batch_sweep_8192,HF Rust (robust adapter),h2d_tok_s,8192,512,4194304,21767610.02040519,167774.7184728321,21530989.172289044,21901101.5154253,21870739.373501223,21898065.30123289,21900494.272586815,7018.148618983105,192.69706277797619,7210.845681761081,3
batch_sweep_8192,HF Rust (encode_batch),encode_tok_s,8192,512,4194304,594896.1934312326,2982.443888826278,591172.0800719835,598473.0947366448,595043.4054850694,598130.1258114872,598404.5009516133,7050.657760351896,195.3043460380286,7245.962106389925,3
batch_sweep_8192,HF Rust (encode_batch),h2d_tok_s,8192,512,4194304,21478999.87042318,264987.3299380716,21160293.52942016,21809078.342783883,21467627.7390655,21774933.282412045,21802249.330709517,7050.657760351896,195.3043460380286,7245.962106389925,3
batch_sweep_8192,DNATok (encode i64),encode_tok_s,8192,512,4194304,256058009.54724476,6256608.506627085,248414517.2069441,263739871.47221664,256019639.96257347,262967848.32125232,263585466.84202376,16.390074432517093,1.9533057541896899,18.34338018670678,3
batch_sweep_8192,DNATok (encode i64),h2d_tok_s,8192,512,4194304,2154482623.4302583,127094532.74906509,2061663420.1754246,2334188800.4540753,2067595649.6612754,2307529485.3747954,2328856937.4382195,16.390074432517093,1.9533057541896899,18.34338018670678,3
batch_sweep_8192,DNATok (staging i64),encode_tok_s,8192,512,4194304,243827573.85341275,24347802.271653187,209820885.3619088,265508745.2198095,256153090.97851992,264573179.79568055,265321632.13498372,17.387123002360266,1.7565750361730654,19.14369803853333,3
batch_sweep_8192,DNATok (staging i64),h2d_tok_s,8192,512,4194304,2388968546.8789697,53075803.33273485,2315456636.981215,2438860737.076617,2412588266.5790772,2436233490.0268626,2438335287.666666,17.387123002360266,1.7565750361730654,19.14369803853333,3
batch_sweep_8192,DNATok (staging i32),encode_tok_s,8192,512,4194304,260145792.06511593,2758145.2032966134,256246379.54708642,262179068.3808397,262011928.2674216,262162354.3694979,262175725.57857135,16.124723944813013,8.805157073463002,24.929881018276017,3
batch_sweep_8192,DNATok (staging i32),h2d_tok_s,8192,512,4194304,477474005.0768159,23606638.715245478,460740020.738264,510858799.17323995,460823195.31894374,505855238.7878103,509858087.09615403,16.124723944813013,8.805157073463002,24.929881018276017,3
batch_sweep_8192,Streaming baseline,end2end_tok_s,8192,512,4194304,869791574.2583694,8262821.665578075,863277549.4521196,881450190.2842197,864646983.0387692,879769869.5596747,881114126.1393107,0.0,0.0,4.822626709938049,3
batch_sweep_8192,Streaming pipelined,end2end_tok_s,8192,512,4194304,970118350.063634,4962100.703693867,963320694.6579976,975026341.717143,972008013.8157617,974724508.9270049,974965975.1591154,0.0,0.0,4.323610647891958,3
batch_sweep_16384,HF Rust (robust adapter),encode_tok_s,16384,512,8388608,598733.3697636194,1225.8605126222121,597728.8838117176,600459.2781243604,598011.94735478,600214.5450474024,600410.3315089687,14010.649046006924,390.18053041460615,14400.829576421529,3
batch_sweep_16384,HF Rust (robust adapter),h2d_tok_s,16384,512,8388608,21507732.04067835,423727.47787945735,20928309.003554806,21929803.565673437,21665083.552806795,21903331.564386774,21924509.165416103,14010.649046006924,390.18053041460615,14400.829576421529,3
batch_sweep_16384,HF Rust (encode_batch),encode_tok_s,16384,512,8388608,596964.332569193,3086.7989121008877,592723.7622289285,599982.2054384238,598187.0300402264,599802.6878986041,599946.3019304598,14052.485983353108,383.02363936478895,14435.509622717896,3
batch_sweep_16384,HF Rust (encode_batch),h2d_tok_s,16384,512,8388608,21901283.60482989,76220.00124903797,21843094.874047622,22008957.780560996,21851798.15988104,21993241.818493,22005814.588147398,14052.485983353108,383.02363936478895,14435.509622717896,3
batch_sweep_16384,DNATok (encode i64),encode_tok_s,16384,512,8388608,220787349.6260909,38887462.54134615,168407000.64663327,261488774.74936515,232466273.48227438,258586524.62265608,260908324.72402334,39.32565629171828,2.608821882555882,41.93447817427417,3
batch_sweep_16384,DNATok (encode i64),h2d_tok_s,16384,512,8388608,3216418987.6036935,54701036.25629858,3139137986.315931,3258066177.662861,3252052798.832288,3257464839.7798038,3257945910.0862494,39.32565629171828,2.608821882555882,41.93447817427417,3
batch_sweep_16384,DNATok (staging i64),encode_tok_s,16384,512,8388608,231826748.25654057,23395160.002788886,202644032.2633793,259919109.28182268,232917103.2244197,257218908.67608237,259379069.16067463,36.56170734514793,2.5754123150060573,39.137119660153985,3
batch_sweep_16384,DNATok (staging i64),h2d_tok_s,16384,512,8388608,3257536846.679255,33479416.48157073,3210302699.770626,3283983852.3377466,3278323987.929393,3283417865.896911,3283870655.0495796,36.56170734514793,2.5754123150060573,39.137119660153985,3
batch_sweep_16384,DNATok (staging i32),encode_tok_s,16384,512,8388608,217181280.72854114,7881079.180232994,206098769.8722571,223747513.42858407,221697558.88478214,223542517.97420388,223706514.33770803,38.677118718624115,16.5702896968772,55.24740841550132,3
batch_sweep_16384,DNATok (staging i32),h2d_tok_s,16384,512,8388608,506274148.4585533,3923928.7445075586,503071098.43906707,511800106.9455592,503951239.9910336,511015220.25010663,511643129.6064687,38.677118718624115,16.5702896968772,55.24740841550132,3
batch_sweep_16384,Streaming baseline,end2end_tok_s,16384,512,8388608,958592668.7423109,10511885.761721065,945743734.6576034,971492341.0374997,958541930.5318295,970197299.9869326,971233332.8273863,0.0,0.0,8.752014410371581,3
batch_sweep_16384,Streaming pipelined,end2end_tok_s,16384,512,8388608,1091640317.8511813,6374635.487249978,1084880147.724597,1100185578.7379754,1089855227.090972,1099152543.573275,1099978971.7050352,0.0,0.0,7.684667982781927,3
length_sweep_128,HF Rust (robust adapter),encode_tok_s,2048,128,262144,593073.6727116875,422.86363170233255,592538.3924137178,593572.238667976,593110.3870533686,593526.0535065152,593563.0016356838,442.0093916511784,11.983203313623866,453.99259496480227,3
length_sweep_128,HF Rust (robust adapter),h2d_tok_s,2048,128,262144,21886689.29035618,484502.39950019727,21288144.5585695,22474790.35239999,21897132.96009906,22417024.613169897,22463237.204553973,442.0093916511784,11.983203313623866,453.99259496480227,3
length_sweep_128,HF Rust (encode_batch),encode_tok_s,2048,128,262144,587341.0939028847,4237.009850077929,582650.8543708802,592915.7056651308,586456.7216726433,592269.807265882,592786.525985281,446.3464516059806,11.888193587462107,458.2346451934427,3
length_sweep_128,HF Rust (encode_batch),h2d_tok_s,2048,128,262144,22050979.89771231,65587.02165258626,21975203.14753919,22135192.124255605,22042544.421342127,22125927.353964258,22133339.170197334,446.3464516059806,11.888193587462107,458.2346451934427,3
length_sweep_128,DNATok (encode i64),encode_tok_s,2048,128,262144,373560886.39266545,8538420.785873018,362373152.2774004,383089584.8697546,375219922.0308414,382302618.5858633,382932191.6129764,0.7021129907419285,0.29648258350789547,0.9985955742498239,3
length_sweep_128,DNATok (encode i64),h2d_tok_s,2048,128,262144,884428489.8728776,14830043.812596362,866648839.6515731,902952022.8746454,883684607.0924145,901025281.2964222,902566674.5590007,0.7021129907419285,0.29648258350789547,0.9985955742498239,3
length_sweep_128,DNATok (staging i64),encode_tok_s,2048,128,262144,346008972.0575296,57876843.72665515,264206877.55565417,389340361.0476414,384479677.56929326,388854292.6998066,389243147.3780744,0.782436691224575,0.3062270116060972,1.0886637028306723,3
length_sweep_128,DNATok (staging i64),h2d_tok_s,2048,128,262144,856060777.8805178,3708750.5082492474,850882061.3752292,859369800.6501749,857930471.6161494,859225867.7467723,859341014.0694944,0.782436691224575,0.3062270116060972,1.0886637028306723,3
length_sweep_128,DNATok (staging i32),encode_tok_s,2048,128,262144,344246520.5218831,35470661.23343166,294240374.68613285,372683359.08341664,365815827.79609966,371996605.9546849,372546008.4576703,0.7703049729267756,0.3781360574066639,1.1484410303334396,3
length_sweep_128,DNATok (staging i32),h2d_tok_s,2048,128,262144,693295002.2164236,5391818.70061615,686970864.5025511,700146451.1002008,692767691.0465193,699408575.0948327,699998875.8991271,0.7703049729267756,0.3781360574066639,1.1484410303334396,3
length_sweep_128,Streaming baseline,end2end_tok_s,2048,128,262144,395348241.70715255,33181992.29859224,348525324.14579684,421457424.0907255,416061976.8849353,420917879.37014645,421349515.14660966,0.0,0.0,0.6680686492472887,3
length_sweep_128,Streaming pipelined,end2end_tok_s,2048,128,262144,315544922.2160508,34416208.60526913,267124260.08605298,344032253.5512797,335478253.0108197,343176853.4972337,343861173.54047054,0.0,0.0,0.8415783134599527,3
length_sweep_256,HF Rust (robust adapter),encode_tok_s,2048,256,524288,594667.4858598575,3468.4235337540836,589766.3508786028,597288.639504349,596947.4671966207,597254.5222735761,597281.8160581944,881.6791264495502,23.33228864396612,905.0114150935163,3
length_sweep_256,HF Rust (robust adapter),h2d_tok_s,2048,256,524288,22475539.38922726,338607.39517287794,22229309.649128787,22954337.599365573,22242970.919187423,22883200.931347758,22940110.26576201,881.6791264495502,23.33228864396612,905.0114150935163,3
length_sweep_256,HF Rust (encode_batch),encode_tok_s,2048,256,524288,599617.2104488742,2981.6788495826086,596732.696061482,603723.1672699247,598395.7680152159,603190.4273444538,603616.6192848305,874.3927297182381,23.607055967052776,897.9997856852909,3
length_sweep_256,HF Rust (encode_batch),h2d_tok_s,2048,256,524288,22209504.464190774,110839.92599398716,22117403.95643486,22365401.6850039,22145707.75113356,22343432.291616865,22361007.806326494,874.3927297182381,23.607055967052776,897.9997856852909,3
length_sweep_256,DNATok (encode i64),encode_tok_s,2048,256,524288,373264771.70757085,4487446.730400309,367863305.67065436,378850620.10089695,373080389.3511615,378273597.02592343,378735215.48590225,1.4048037119209766,0.5796117087205251,1.9844154206415017,3
length_sweep_256,DNATok (encode i64),h2d_tok_s,2048,256,524288,904911436.10672,18193732.77683806,889324477.351113,930433505.5608872,894976325.4081599,926887787.5456145,929724361.9578327,1.4048037119209766,0.5796117087205251,1.9844154206415017,3
length_sweep_256,DNATok (staging i64),encode_tok_s,2048,256,524288,342684700.13461757,53647144.1549832,266877858.71036616,383236933.587789,377939308.10569745,382707171.03957987,383130981.0781472,1.5732680136958759,0.6003290570030609,2.173597070698937,3
length_sweep_256,DNATok (staging i64),h2d_tok_s,2048,256,524288,873352289.7071663,3953388.3046649257,868188887.8464912,877790971.9379145,874077009.3370934,877419575.6778324,877716692.6858981,1.5732680136958759,0.6003290570030609,2.173597070698937,3
length_sweep_256,DNATok (staging i32),encode_tok_s,2048,256,524288,369896753.5647052,14636373.136950126,349201032.946177,380561613.8202197,379927613.92771894,380498213.83096963,380548933.8223697,1.4196767782171567,0.799928947041432,2.219605725258589,3
length_sweep_256,DNATok (staging i32),h2d_tok_s,2048,256,524288,655501521.7305816,7406939.922884958,647708989.9142423,665460087.0746374,653335488.2028654,664247627.1874602,665217595.097202,1.4196767782171567,0.799928947041432,2.219605725258589,3
length_sweep_256,Streaming baseline,end2end_tok_s,2048,256,524288,460732242.52673095,40802301.591878965,425182283.5952184,517869539.47720605,439144904.5077684,509997075.9802623,516295046.7778173,0.0,0.0,1.1464559162656467,3
length_sweep_256,Streaming pipelined,end2end_tok_s,2048,256,524288,445790986.46084523,19790724.140776522,417916208.08755493,461909359.60076326,457547391.6942174,461473162.81010866,461822120.2426323,0.0,0.0,1.1784800638755162,3
length_sweep_512,HF Rust (robust adapter),encode_tok_s,2048,512,1048576,598047.8188992172,1473.564889680832,596172.6364037169,599772.7208750646,598198.0994188699,599615.2587294452,599741.2284459408,1753.3420159791906,46.15986067801714,1799.5018766572077,3
length_sweep_512,HF Rust (robust adapter),h2d_tok_s,2048,512,1048576,22716726.60936159,110786.66909062804,22582520.462668005,22853844.407692056,22713814.957724698,22839841.46269532,22851043.81869271,1753.3420159791906,46.15986067801714,1799.5018766572077,3
length_sweep_512,HF Rust (encode_batch),encode_tok_s,2048,512,1048576,600767.5107031496,3962.8526048333715,595164.5838246477,603677.1820306191,603460.766254182,603655.5404529754,603672.8537150904,1745.4702886752784,46.542898674185075,1792.0131873494636,3
length_sweep_512,HF Rust (encode_batch),h2d_tok_s,2048,512,1048576,22531478.41051988,224317.40923492034,22233152.764256544,22774069.316768844,22587213.150534254,22755383.700145386,22770332.19344415,1745.4702886752784,46.542898674185075,1792.0131873494636,3
length_sweep_512,DNATok (encode i64),encode_tok_s,2048,512,1048576,354673562.1375069,1463388.225321908,353014626.276852,356574574.04952204,354431486.08614665,356360265.2531845,356531712.29025453,2.956504079823693,1.0831509716808796,4.039655051504572,3
length_sweep_512,DNATok (encode i64),h2d_tok_s,2048,512,1048576,971016382.6015334,54341054.20941938,923160101.2144192,1047019061.2933732,942869985.2968076,1036604153.6937166,1044936079.7734419,2.956504079823693,1.0831509716808796,4.039655051504572,3
length_sweep_512,DNATok (staging i64),encode_tok_s,2048,512,1048576,335566799.13055193,50945953.9370016,263580373.3722287,374148682.27313006,368971341.74629706,373630948.22044677,374045135.4625934,3.20755240196983,1.0510509988913934,4.258603400861223,3
length_sweep_512,DNATok (staging i64),h2d_tok_s,2048,512,1048576,1000140054.5881761,49077711.4073382,930734820.4033589,1035185798.8960168,1034499544.4651527,1035117173.4529305,1035172073.8073995,3.20755240196983,1.0510509988913934,4.258603400861223,3
length_sweep_512,DNATok (staging i32),encode_tok_s,2048,512,1048576,371182376.4936764,15570557.496232258,349296097.05791897,384224675.6767141,380026356.74639624,383804843.78368235,384140709.29810774,2.8300859654943147,1.280439008648197,4.110524974142511,3
length_sweep_512,DNATok (staging i32),h2d_tok_s,2048,512,1048576,821015473.3571993,40753553.18493855,763396369.5394883,850968398.4462959,848681652.0858141,850739723.8102477,850922663.5190862,2.8300859654943147,1.280439008648197,4.110524974142511,3
length_sweep_512,Streaming baseline,end2end_tok_s,2048,512,1048576,565942976.2397324,76547532.27722311,510938693.6335391,674192772.1083475,512697462.9773108,658043241.1952438,670962865.9257268,0.0,0.0,1.8842579641689856,3
length_sweep_512,Streaming pipelined,end2end_tok_s,2048,512,1048576,523996405.6411686,40851242.326975025,468400794.04014087,565398695.1700937,538189727.7132714,562677798.4244114,564854515.8209572,0.0,0.0,2.0138489392896495,3
length_sweep_1024,HF Rust (robust adapter),encode_tok_s,2048,1024,2097152,599542.5369627537,2190.705124905586,596527.7680146849,601668.1119889251,600431.7308846511,601544.4738784977,601643.3843668397,3497.967077729603,93.00891364303727,3590.97599137264,3
length_sweep_1024,HF Rust (robust adapter),h2d_tok_s,2048,1024,2097152,22555741.239287134,418843.6395570683,21963571.428732347,22863916.562123507,22839735.727005538,22861498.47861171,22863432.945421148,3497.967077729603,93.00891364303727,3590.97599137264,3
length_sweep_1024,HF Rust (encode_batch),encode_tok_s,2048,1024,2097152,597499.5364249587,2663.83957713982,593832.4746682515,600080.4330059479,598585.701600677,599930.9598654207,600050.5383778424,3509.950482985005,92.46341961746414,3602.413902602469,3
length_sweep_1024,HF Rust (encode_batch),h2d_tok_s,2048,1024,2097152,22684694.870336104,295409.3923481019,22469340.891498644,23102399.377050266,22482344.342459407,23040393.87359118,23089998.276358448,3509.950482985005,92.46341961746414,3602.413902602469,3
length_sweep_1024,DNATok (encode i64),encode_tok_s,2048,1024,2097152,351742313.279277,9343418.857631704,341095107.86599696,363842860.47361106,350288971.4982229,362487471.5760722,363571782.6941033,5.966368597000837,1.7452743680526812,7.711642965053518,3
length_sweep_1024,DNATok (encode i64),h2d_tok_s,2048,1024,2097152,1205476345.9769742,67989444.75371946,1120361400.2604365,1286769221.3584096,1209298416.312076,1279022140.8537762,1285219805.257483,5.966368597000837,1.7452743680526812,7.711642965053518,3
length_sweep_1024,DNATok (staging i64),encode_tok_s,2048,1024,2097152,298137888.5355833,54594965.049286105,255942889.84645817,375231833.1005142,263238942.6597777,364032544.05644053,372991975.29169947,7.249834015965462,1.3203750519702833,8.570209067935744,3
length_sweep_1024,DNATok (staging i64),h2d_tok_s,2048,1024,2097152,1591582903.2324114,71472984.29652737,1494232270.711836,1663810756.2405825,1616705682.7448158,1659100248.8910058,1662868654.770667,7.249834015965462,1.3203750519702833,8.570209067935744,3
length_sweep_1024,DNATok (staging i32),encode_tok_s,2048,1024,2097152,324664819.7922291,85917147.16311117,203168795.9198462,386705659.00712705,384120004.4497142,386447093.55138576,386653945.9159788,7.068321419258912,1.7392913966129224,8.807612815871835,3
length_sweep_1024,DNATok (staging i32),h2d_tok_s,2048,1024,2097152,1207091189.8870695,40532065.78574838,1165717765.7101476,1262135613.8347,1193420190.1163611,1255264071.4628663,1260761305.3603334,7.068321419258912,1.7392913966129224,8.807612815871835,3
length_sweep_1024,Streaming baseline,end2end_tok_s,2048,1024,2097152,778772639.9701209,35777810.967935145,752102199.3631272,829344849.0731645,754870871.474071,821897451.3132551,827855369.5211825,0.0,0.0,2.6984106904516616,3
length_sweep_1024,Streaming pipelined,end2end_tok_s,2048,1024,2097152,768970055.6002512,70201193.51070389,669789798.6838733,822403208.1270478,814717159.9898325,821634603.3133262,822249487.1643034,0.0,0.0,2.7517249497274556,3
length_sweep_2048,HF Rust (robust adapter),encode_tok_s,2048,2048,4194304,604624.5737354263,2190.7707519957276,601610.2112422755,606751.778208675,605511.7317553284,606627.7735633403,606726.977279608,6937.129843980074,194.06920267889896,7131.199046658973,3
length_sweep_2048,HF Rust (robust adapter),h2d_tok_s,2048,2048,4194304,21612463.056204993,32466.897151949437,21567653.946966164,21643542.685056366,21626192.536592443,21641807.670209974,21643195.682087086,6937.129843980074,194.06920267889896,7131.199046658973,3
length_sweep_2048,HF Rust (encode_batch),encode_tok_s,2048,2048,4194304,602102.4290786694,654.8623651691154,601466.8164180842,603003.5573485891,601836.9134693353,602886.8929606637,602980.224471004,6966.105360304937,192.78290464232364,7158.888264947261,3
length_sweep_2048,HF Rust (encode_batch),h2d_tok_s,2048,2048,4194304,21757116.27036482,104289.35620282502,21667102.893171627,21903303.978280786,21700941.93964205,21883067.774416912,21899256.73750801,6966.105360304937,192.78290464232364,7158.888264947261,3
length_sweep_2048,DNATok (encode i64),encode_tok_s,2048,2048,4194304,294017102.1919725,3722963.9561189795,289615498.18409896,298719923.88932604,293715884.50249255,298219519.9506427,298619843.1015894,14.26779463266333,1.951369068895777,16.219163701559108,3
length_sweep_2048,DNATok (encode i64),h2d_tok_s,2048,2048,4194304,2158774405.2607923,143645472.35343912,2002679501.157956,2349413234.763189,2124230479.8612316,2326894959.272993,2344909579.6651497,14.26779463266333,1.951369068895777,16.219163701559108,3
length_sweep_2048,DNATok (staging i64),encode_tok_s,2048,2048,4194304,280394085.60660744,28198198.828165602,240532224.18236953,301315788.0256701,299334244.61178267,301117633.68428135,301276157.1573924,15.123222256079316,1.7108640167862177,16.834086272865534,3
length_sweep_2048,DNATok (staging i64),h2d_tok_s,2048,2048,4194304,2455121043.7973523,93887243.89292003,2351454760.361201,2578802623.96481,2435105747.0660467,2564432936.2749333,2575928686.4268346,15.123222256079316,1.7108640167862177,16.834086272865534,3
length_sweep_2048,DNATok (staging i32),encode_tok_s,2048,2048,4194304,295470938.48239046,6989538.422205196,285688538.9410125,301590537.79836583,299133738.7077932,301344857.8893086,301541401.81655437,14.20338925284644,8.16472270525992,22.368111958106358,3
length_sweep_2048,DNATok (staging i32),h2d_tok_s,2048,2048,4194304,514447297.0608685,19513846.968481474,491522261.01246446,539214602.8285297,512605027.3416114,536553645.2798379,538682411.3187914,14.20338925284644,8.16472270525992,22.368111958106358,3
length_sweep_2048,Streaming baseline,end2end_tok_s,2048,2048,4194304,879640915.922102,1526360.8288597418,877597983.0542659,881266108.3227899,880058656.3892503,881145363.1294359,881241959.2841191,0.0,0.0,4.768214576567213,3
length_sweep_2048,Streaming pipelined,end2end_tok_s,2048,2048,4194304,973696745.1164576,18782033.240422573,947135633.1673517,987143607.9964855,986810994.1855354,987110346.6153904,987136955.7202665,0.0,0.0,4.309233666087191,3
length_sweep_4096,HF Rust (robust adapter),encode_tok_s,2048,4096,8388608,604273.2166772358,1411.8209933982257,602712.1900399531,606131.8091462044,603975.6508455498,605916.1933161389,606088.6859801913,13882.220041006804,386.17892532298964,14268.398966329793,3
length_sweep_4096,HF Rust (robust adapter),h2d_tok_s,2048,4096,8388608,21727055.49848253,327218.5926542013,21265957.976152603,21991513.21486286,21923695.304432116,21984731.423819788,21990156.856654245,13882.220041006804,386.17892532298964,14268.398966329793,3
length_sweep_4096,HF Rust (encode_batch),encode_tok_s,2048,4096,8388608,599201.5055895076,4612.324279566112,593622.0450802882,604917.4139332565,599065.0577549783,604332.1783154287,604800.366809691,14000.473676326996,385.88909308115643,14386.362769408152,3
length_sweep_4096,HF Rust (encode_batch),h2d_tok_s,2048,4096,8388608,21739148.248344615,128037.55300224181,21558345.82139905,21838110.085401487,21820988.838233307,21836397.96068467,21837767.66045812,14000.473676326996,385.88909308115643,14386.362769408152,3
length_sweep_4096,DNATok (encode i64),encode_tok_s,2048,4096,8388608,292167259.8851281,5586305.71817948,284325059.9972263,296916093.5145671,295260626.143591,296750546.77746946,296882984.1671476,28.722298331558704,2.605396012465159,31.327694344023865,3
length_sweep_4096,DNATok (encode i64),h2d_tok_s,2048,4096,8388608,3220444531.3915906,48606567.8321973,3154330719.283556,3269799306.663595,3237203568.2276206,3266539732.819998,3269147391.8948755,28.722298331558704,2.605396012465159,31.327694344023865,3
length_sweep_4096,DNATok (staging i64),encode_tok_s,2048,4096,8388608,247680021.39859152,20333595.924749017,224130841.70830137,273746559.5637619,245162662.9237112,270888169.89975685,273174881.6309609,34.0958273348709,2.591074677184224,36.68690201205512,3
length_sweep_4096,DNATok (staging i64),h2d_tok_s,2048,4096,8388608,3237621570.569898,19702790.295275006,3211675755.483383,3259392826.125803,3241796130.1005077,3257633156.5232735,3259040892.205297,34.0958273348709,2.591074677184224,36.68690201205512,3
length_sweep_4096,DNATok (staging i32),encode_tok_s,2048,4096,8388608,225936329.2529072,877646.915579943,224697236.20882285,226618185.35460463,226493566.1952941,226605723.4386736,226615692.9714184,37.12875636604925,16.555254968504112,53.68401133455336,3
length_sweep_4096,DNATok (staging i32),h2d_tok_s,2048,4096,8388608,506713030.60410404,2183341.116276236,504517713.0483849,509691089.1445665,505930289.61936057,509315009.19204587,509615873.15406233,37.12875636604925,16.555254968504112,53.68401133455336,3
length_sweep_4096,Streaming baseline,end2end_tok_s,2048,4096,8388608,970178209.5936222,4440239.22733149,963918210.8546638,973735875.229107,972880542.697096,973650341.9759059,973718768.5784668,0.0,0.0,8.646642634024223,3
length_sweep_4096,Streaming pipelined,end2end_tok_s,2048,4096,8388608,1108551506.3371308,1771721.2742783572,1106096493.4853244,1110212808.0300608,1109345217.4960072,1110126048.9766555,1110195456.2193797,0.0,0.0,7.567198636631171,3
ablation_baseline,Ablation-baseline,end2end_tok_s,4096,512,2097152,755936636.5873572,75738720.00849205,717448667.7304823,907411815.3890488,718313941.0463667,869663125.224408,899862077.3561207,0.0,0.0,2.7986669912934303,5
ablation_int32_only,Ablation-int32_only,end2end_tok_s,4096,512,2097152,703348264.2420986,15811448.53825023,689064101.873429,731088406.7983136,696348365.2248979,726927589.1117276,730256243.2609965,0.0,0.0,2.983150351792574,5
ablation_overlap_only,Ablation-overlap_only,end2end_tok_s,4096,512,2097152,781441669.452221,56816840.593714766,751894575.0375348,895050674.5018047,752549165.6590004,867099041.0618252,889460347.8138088,0.0,0.0,2.696550963446498,5
ablation_both,Ablation-both,end2end_tok_s,4096,512,2097152,709141427.4818624,107434530.63417555,494319390.69614524,766387194.7795434,760779034.5812744,765915676.7437987,766292891.1723945,0.0,0.0,3.047814592719078,5
