method,metric,value,rep,B,T,total_tokens,config_name,encode_time_ms,h2d_time_ms,compute_time_ms,total_time_ms
HF Rust (robust adapter),encode_tok_s,594271.6903969753,0,4096,512,2097152,standard,3528.9448141120374,98.6153248231858,0.0,3627.560138935223
HF Rust (robust adapter),h2d_tok_s,21265984.81280803,0,4096,512,2097152,standard,3528.9448141120374,98.6153248231858,0.0,3627.560138935223
HF Rust (robust adapter),encode_tok_s,603675.6255603926,1,4096,512,2097152,standard,3473.9716351032257,95.71649879217148,0.0,3569.688133895397
HF Rust (robust adapter),h2d_tok_s,21910036.686084084,1,4096,512,2097152,standard,3473.9716351032257,95.71649879217148,0.0,3569.688133895397
HF Rust (robust adapter),encode_tok_s,602010.408709029,2,4096,512,2097152,standard,3483.58096415177,93.44109799712896,0.0,3577.022062148899
HF Rust (robust adapter),h2d_tok_s,22443571.88594291,2,4096,512,2097152,standard,3483.58096415177,93.44109799712896,0.0,3577.022062148899
HF Rust (robust adapter),encode_tok_s,605217.1232131331,3,4096,512,2097152,standard,3465.123374015093,94.40210391767323,0.0,3559.525477932766
HF Rust (robust adapter),h2d_tok_s,22215098.10659408,3,4096,512,2097152,standard,3465.123374015093,94.40210391767323,0.0,3559.525477932766
HF Rust (robust adapter),encode_tok_s,604768.2902951223,4,4096,512,2097152,standard,3467.6950389984995,90.46823997050524,0.0,3558.1632789690048
HF Rust (robust adapter),h2d_tok_s,23181085.435990803,4,4096,512,2097152,standard,3467.6950389984995,90.46823997050524,0.0,3558.1632789690048
HF Rust (encode_batch),encode_tok_s,603150.2541546854,0,4096,512,2097152,standard,3476.9976229872555,96.20392601937056,0.0,3573.201549006626
HF Rust (encode_batch),h2d_tok_s,21799027.19955255,0,4096,512,2097152,standard,3476.9976229872555,96.20392601937056,0.0,3573.201549006626
HF Rust (encode_batch),encode_tok_s,599965.2265489979,1,4096,512,2097152,standard,3495.455915108323,97.8338320273906,0.0,3593.2897471357137
HF Rust (encode_batch),h2d_tok_s,21435856.661659323,1,4096,512,2097152,standard,3495.455915108323,97.8338320273906,0.0,3593.2897471357137
HF Rust (encode_batch),encode_tok_s,601324.439936556,2,4096,512,2097152,standard,3487.5549050047994,94.04784091748297,0.0,3581.6027459222823
HF Rust (encode_batch),h2d_tok_s,22298778.78685199,2,4096,512,2097152,standard,3487.5549050047994,94.04784091748297,0.0,3581.6027459222823
HF Rust (encode_batch),encode_tok_s,604357.6729670425,3,4096,512,2097152,standard,3470.051086973399,93.92473404295743,0.0,3563.9758210163563
HF Rust (encode_batch),h2d_tok_s,22328005.731065966,3,4096,512,2097152,standard,3470.051086973399,93.92473404295743,0.0,3563.9758210163563
HF Rust (encode_batch),encode_tok_s,596818.4239666186,4,4096,512,2097152,standard,3513.886159984395,93.3350611012429,0.0,3607.221221085638
HF Rust (encode_batch),h2d_tok_s,22469069.77138169,4,4096,512,2097152,standard,3513.886159984395,93.3350611012429,0.0,3607.221221085638
DNATok (encode i64),encode_tok_s,300598739.7539294,0,4096,512,2097152,standard,6.976582808420062,1.816069008782506,0.0,8.792651817202568
DNATok (encode i64),h2d_tok_s,1154775501.2932754,0,4096,512,2097152,standard,6.976582808420062,1.816069008782506,0.0,8.792651817202568
DNATok (encode i64),encode_tok_s,201177215.9132324,1,4096,512,2097152,standard,10.42440114542842,1.8574181012809277,0.0,12.281819246709347
DNATok (encode i64),h2d_tok_s,1129068354.9136002,1,4096,512,2097152,standard,10.42440114542842,1.8574181012809277,0.0,12.281819246709347
DNATok (encode i64),encode_tok_s,378580495.1313529,2,4096,512,2097152,standard,5.539514124393463,1.6823809128254652,0.0,7.221895037218928
DNATok (encode i64),h2d_tok_s,1246538155.5464451,2,4096,512,2097152,standard,5.539514124393463,1.6823809128254652,0.0,7.221895037218928
DNATok (encode i64),encode_tok_s,387778887.43463147,3,4096,512,2097152,standard,5.408112891018391,1.469890819862485,0.0,6.878003710880876
DNATok (encode i64),h2d_tok_s,1426739980.7260504,3,4096,512,2097152,standard,5.408112891018391,1.469890819862485,0.0,6.878003710880876
DNATok (encode i64),encode_tok_s,385435460.10553056,4,4096,512,2097152,standard,5.440993933007121,1.4585889875888824,0.0,6.8995829205960035
DNATok (encode i64),h2d_tok_s,1437795031.941584,4,4096,512,2097152,standard,5.440993933007121,1.4585889875888824,0.0,6.8995829205960035
DNATok (staging i64),encode_tok_s,293495564.4844072,0,4096,512,2097152,standard,7.145429961383343,1.1609650682657957,0.0,8.306395029649138
DNATok (staging i64),h2d_tok_s,1806386821.89865,0,4096,512,2097152,standard,7.145429961383343,1.1609650682657957,0.0,8.306395029649138
DNATok (staging i64),encode_tok_s,286183481.99403334,1,4096,512,2097152,standard,7.32799805700779,1.1069269385188818,0.0,8.434924995526671
DNATok (staging i64),h2d_tok_s,1894571291.946408,1,4096,512,2097152,standard,7.32799805700779,1.1069269385188818,0.0,8.434924995526671
DNATok (staging i64),encode_tok_s,405758062.66911054,2,4096,512,2097152,standard,5.168478935956955,1.0575740598142147,0.0,6.22605299577117
DNATok (staging i64),h2d_tok_s,1982983584.495642,2,4096,512,2097152,standard,5.168478935956955,1.0575740598142147,0.0,6.22605299577117
DNATok (staging i64),encode_tok_s,402255854.46354973,3,4096,512,2097152,standard,5.213477881625295,1.051011960953474,0.0,6.264489842578769
DNATok (staging i64),h2d_tok_s,1995364541.900619,3,4096,512,2097152,standard,5.213477881625295,1.051011960953474,0.0,6.264489842578769
DNATok (staging i64),encode_tok_s,404781195.35848844,4,4096,512,2097152,standard,5.18095213919878,0.9949700906872749,0.0,6.175922229886055
DNATok (staging i64),h2d_tok_s,2107753810.5204687,4,4096,512,2097152,standard,5.18095213919878,0.9949700906872749,0.0,6.175922229886055
DNATok (staging i32),encode_tok_s,182435495.32351005,0,4096,512,2097152,standard,11.49530685506761,1.5920770820230246,0.0,13.087383937090635
DNATok (staging i32),h2d_tok_s,1317242753.9344926,0,4096,512,2097152,standard,11.49530685506761,1.5920770820230246,0.0,13.087383937090635
DNATok (staging i32),encode_tok_s,400819708.890422,1,4096,512,2097152,standard,5.232157884165645,1.4970970805734396,0.0,6.729254964739084
DNATok (staging i32),h2d_tok_s,1400812296.8196015,1,4096,512,2097152,standard,5.232157884165645,1.4970970805734396,0.0,6.729254964739084
DNATok (staging i32),encode_tok_s,400542722.036526,2,4096,512,2097152,standard,5.235776072368026,1.4673820696771145,0.0,6.70315814204514
DNATok (staging i32),h2d_tok_s,1429179246.0442572,2,4096,512,2097152,standard,5.235776072368026,1.4673820696771145,0.0,6.70315814204514
DNATok (staging i32),encode_tok_s,405104612.4433219,3,4096,512,2097152,standard,5.176815902814269,1.4168648049235344,0.0,6.5936807077378035
DNATok (staging i32),h2d_tok_s,1480135573.0712638,3,4096,512,2097152,standard,5.176815902814269,1.4168648049235344,0.0,6.5936807077378035
DNATok (staging i32),encode_tok_s,406807957.1421238,4,4096,512,2097152,standard,5.155140068382025,1.3598259538412094,0.0,6.514966022223234
DNATok (staging i32),h2d_tok_s,1542220895.3109083,4,4096,512,2097152,standard,5.155140068382025,1.3598259538412094,0.0,6.514966022223234
Streaming baseline,end2end_tok_s,12163404.346076604,0,4096,512,2097152,standard,0.0,0.0,0.0,172.41488816216588
Streaming baseline,end2end_tok_s,720091520.4116681,1,4096,512,2097152,standard,0.0,0.0,0.0,2.9123409185558558
Streaming baseline,end2end_tok_s,718252880.7221023,2,4096,512,2097152,standard,0.0,0.0,0.0,2.9197961557656527
Streaming baseline,end2end_tok_s,704083929.0391802,3,4096,512,2097152,standard,0.0,0.0,0.0,2.978553995490074
Streaming baseline,end2end_tok_s,705827311.6716971,4,4096,512,2097152,standard,0.0,0.0,0.0,2.971197012811899
Streaming pipelined,end2end_tok_s,389662456.24250543,0,4096,512,2097152,standard,0.0,0.0,0.0,5.381970899179578
Streaming pipelined,end2end_tok_s,786316051.0942221,1,4096,512,2097152,standard,0.0,0.0,0.0,2.667059889063239
Streaming pipelined,end2end_tok_s,787278040.9037259,2,4096,512,2097152,standard,0.0,0.0,0.0,2.663800958544016
Streaming pipelined,end2end_tok_s,770572404.035273,3,4096,512,2097152,standard,0.0,0.0,0.0,2.72155087441206
Streaming pipelined,end2end_tok_s,771698893.0209267,4,4096,512,2097152,standard,0.0,0.0,0.0,2.717578085139394
HF Rust (robust adapter),encode_tok_s,601343.5215868426,0,8192,512,4194304,large_batch,6974.888477940112,204.27259802818298,0.0,7179.161075968295
HF Rust (robust adapter),h2d_tok_s,20532876.364657205,0,8192,512,4194304,large_batch,6974.888477940112,204.27259802818298,0.0,7179.161075968295
HF Rust (robust adapter),encode_tok_s,601937.5325404999,1,8192,512,4194304,large_batch,6968.005437869579,194.39770886674523,0.0,7162.403146736324
HF Rust (robust adapter),h2d_tok_s,21575892.14631686,1,8192,512,4194304,large_batch,6968.005437869579,194.39770886674523,0.0,7162.403146736324
HF Rust (robust adapter),encode_tok_s,595235.6482835999,2,8192,512,4194304,large_batch,7046.459687175229,180.3047750145197,0.0,7226.764462189749
HF Rust (robust adapter),h2d_tok_s,23262301.287707098,2,8192,512,4194304,large_batch,7046.459687175229,180.3047750145197,0.0,7226.764462189749
HF Rust (robust adapter),encode_tok_s,601284.3727014551,3,8192,512,4194304,large_batch,6975.574604002759,193.96262685768306,0.0,7169.537230860442
HF Rust (robust adapter),h2d_tok_s,21624289.523968462,3,8192,512,4194304,large_batch,6975.574604002759,193.96262685768306,0.0,7169.537230860442
HF Rust (robust adapter),encode_tok_s,603863.687283272,4,8192,512,4194304,large_batch,6945.779467001557,187.0047969277948,0.0,7132.784263929352
HF Rust (robust adapter),h2d_tok_s,22428857.80956453,4,8192,512,4194304,large_batch,6945.779467001557,187.0047969277948,0.0,7132.784263929352
HF Rust (encode_batch),encode_tok_s,598241.1594643071,0,8192,512,4194304,large_batch,7011.058890959248,192.8613840136677,0.0,7203.920274972916
HF Rust (encode_batch),h2d_tok_s,21747764.703911684,0,8192,512,4194304,large_batch,7011.058890959248,192.8613840136677,0.0,7203.920274972916
HF Rust (encode_batch),encode_tok_s,600089.3896379377,1,8192,512,4194304,large_batch,6989.465357037261,196.3338239584118,0.0,7185.799180995673
HF Rust (encode_batch),h2d_tok_s,21363124.883099377,1,8192,512,4194304,large_batch,6989.465357037261,196.3338239584118,0.0,7185.799180995673
HF Rust (encode_batch),encode_tok_s,602053.3694757962,2,8192,512,4194304,large_batch,6966.664772015065,192.5010501872748,0.0,7159.16582220234
HF Rust (encode_batch),h2d_tok_s,21788473.340376936,2,8192,512,4194304,large_batch,6966.664772015065,192.5010501872748,0.0,7159.16582220234
HF Rust (encode_batch),encode_tok_s,588634.6033545786,3,8192,512,4194304,large_batch,7125.479841139168,194.26268502138555,0.0,7319.742526160553
HF Rust (encode_batch),h2d_tok_s,21590888.644096866,3,8192,512,4194304,large_batch,7125.479841139168,194.26268502138555,0.0,7319.742526160553
HF Rust (encode_batch),encode_tok_s,601045.7947619406,4,8192,512,4194304,large_batch,6978.343474911526,194.8065289761871,0.0,7173.150003887713
HF Rust (encode_batch),h2d_tok_s,21530613.075667016,4,8192,512,4194304,large_batch,6978.343474911526,194.8065289761871,0.0,7173.150003887713
DNATok (encode i64),encode_tok_s,284040331.3444956,0,8192,512,4194304,large_batch,14.766579028218985,2.02852301299572,0.0,16.795102041214705
DNATok (encode i64),h2d_tok_s,2067663996.478826,0,8192,512,4194304,large_batch,14.766579028218985,2.02852301299572,0.0,16.795102041214705
DNATok (encode i64),encode_tok_s,174567905.63093355,1,8192,512,4194304,large_batch,24.02677619829774,2.0871988963335752,0.0,26.113975094631314
DNATok (encode i64),h2d_tok_s,2009537283.3742952,1,8192,512,4194304,large_batch,24.02677619829774,2.0871988963335752,0.0,26.113975094631314
DNATok (encode i64),encode_tok_s,282082887.3706654,2,8192,512,4194304,large_batch,14.869048027321696,2.098110970109701,0.0,16.967158997431397
DNATok (encode i64),h2d_tok_s,1999085872.8414626,2,8192,512,4194304,large_batch,14.869048027321696,2.098110970109701,0.0,16.967158997431397
DNATok (encode i64),encode_tok_s,291958064.01373595,3,8192,512,4194304,large_batch,14.36611800454557,1.771510113030672,0.0,16.13762811757624
DNATok (encode i64),h2d_tok_s,2367643271.7758803,3,8192,512,4194304,large_batch,14.36611800454557,1.771510113030672,0.0,16.13762811757624
DNATok (encode i64),encode_tok_s,303282622.68716943,4,8192,512,4194304,large_batch,13.829687843099236,1.7613689415156841,0.0,15.59105678461492
DNATok (encode i64),h2d_tok_s,2381275098.668845,4,8192,512,4194304,large_batch,13.829687843099236,1.7613689415156841,0.0,15.59105678461492
DNATok (staging i64),encode_tok_s,238010075.12493515,0,8192,512,4194304,large_batch,17.622380051761866,1.670951023697853,0.0,19.29333107545972
DNATok (staging i64),h2d_tok_s,2510129824.5821166,0,8192,512,4194304,large_batch,17.622380051761866,1.670951023697853,0.0,19.29333107545972
DNATok (staging i64),encode_tok_s,285745374.3588773,1,8192,512,4194304,large_batch,14.678466832265258,1.609601080417633,0.0,16.28806791268289
DNATok (staging i64),h2d_tok_s,2605803419.8832235,1,8192,512,4194304,large_batch,14.678466832265258,1.609601080417633,0.0,16.28806791268289
DNATok (staging i64),encode_tok_s,295164532.4728035,2,8192,512,4194304,large_batch,14.21005418524146,1.8034358508884907,0.0,16.01349003612995
DNATok (staging i64),h2d_tok_s,2325729522.307994,2,8192,512,4194304,large_batch,14.21005418524146,1.8034358508884907,0.0,16.01349003612995
DNATok (staging i64),encode_tok_s,288342432.94137114,3,8192,512,4194304,large_batch,14.546260004863143,1.7313349526375532,0.0,16.277594957500696
DNATok (staging i64),h2d_tok_s,2422583795.0133834,3,8192,512,4194304,large_batch,14.546260004863143,1.7313349526375532,0.0,16.277594957500696
DNATok (staging i64),encode_tok_s,294912643.671487,4,8192,512,4194304,large_batch,14.22219118103385,1.7232359386980534,0.0,15.945427119731903
DNATok (staging i64),h2d_tok_s,2433969664.75113,4,8192,512,4194304,large_batch,14.22219118103385,1.7232359386980534,0.0,15.945427119731903
DNATok (staging i32),encode_tok_s,285390132.4573175,0,8192,512,4194304,large_batch,14.696737984195352,7.485436974093318,0.0,22.18217495828867
DNATok (staging i32),h2d_tok_s,560328543.880104,0,8192,512,4194304,large_batch,14.696737984195352,7.485436974093318,0.0,22.18217495828867
DNATok (staging i32),encode_tok_s,291703524.3282868,1,8192,512,4194304,large_batch,14.378653839230537,7.911738008260727,0.0,22.290391847491264
DNATok (staging i32),h2d_tok_s,530136866.9716672,1,8192,512,4194304,large_batch,14.378653839230537,7.911738008260727,0.0,22.290391847491264
DNATok (staging i32),encode_tok_s,287517631.4440672,2,8192,512,4194304,large_batch,14.587988844141364,8.54559219442308,0.0,23.133581038564444
DNATok (staging i32),h2d_tok_s,490814902.5338742,2,8192,512,4194304,large_batch,14.587988844141364,8.54559219442308,0.0,23.133581038564444
DNATok (staging i32),encode_tok_s,290442825.5370112,3,8192,512,4194304,large_batch,14.441065955907106,7.87080405279994,0.0,22.311870008707047
DNATok (staging i32),h2d_tok_s,532893967.61286783,3,8192,512,4194304,large_batch,14.441065955907106,7.87080405279994,0.0,22.311870008707047
DNATok (staging i32),encode_tok_s,290337936.9130601,4,8192,512,4194304,large_batch,14.446282992139459,8.03057081066072,0.0,22.47685380280018
DNATok (staging i32),h2d_tok_s,522292138.24152946,4,8192,512,4194304,large_batch,14.446282992139459,8.03057081066072,0.0,22.47685380280018
Streaming baseline,end2end_tok_s,945851563.8933161,0,8192,512,4194304,large_batch,0.0,0.0,0.0,4.434420960023999
Streaming baseline,end2end_tok_s,863768595.9540613,1,8192,512,4194304,large_batch,0.0,0.0,0.0,4.855819046497345
Streaming baseline,end2end_tok_s,862602058.0884073,2,8192,512,4194304,large_batch,0.0,0.0,0.0,4.862385801970959
Streaming baseline,end2end_tok_s,855711307.6836836,3,8192,512,4194304,large_batch,0.0,0.0,0.0,4.90154093131423
Streaming baseline,end2end_tok_s,853058077.8149422,4,8192,512,4194304,large_batch,0.0,0.0,0.0,4.916785983368754
Streaming pipelined,end2end_tok_s,943094233.9644929,0,8192,512,4194304,large_batch,0.0,0.0,0.0,4.447385901585221
Streaming pipelined,end2end_tok_s,972537438.9198554,1,8192,512,4194304,large_batch,0.0,0.0,0.0,4.312742967158556
Streaming pipelined,end2end_tok_s,970980564.620307,2,8192,512,4194304,large_batch,0.0,0.0,0.0,4.319658037275076
Streaming pipelined,end2end_tok_s,971449251.1222721,3,8192,512,4194304,large_batch,0.0,0.0,0.0,4.31757397018373
Streaming pipelined,end2end_tok_s,970489900.1292405,4,8192,512,4194304,large_batch,0.0,0.0,0.0,4.321841988712549
HF Rust (robust adapter),encode_tok_s,603395.4260982787,0,2048,2048,4194304,long_sequence,6951.1696950066835,194.76669700816274,0.0,7145.936392014846
HF Rust (robust adapter),h2d_tok_s,21535016.32686319,0,2048,2048,4194304,long_sequence,6951.1696950066835,194.76669700816274,0.0,7145.936392014846
HF Rust (robust adapter),encode_tok_s,604071.0530547529,1,2048,2048,4194304,long_sequence,6943.395116832107,193.3115511201322,0.0,7136.7066679522395
HF Rust (robust adapter),h2d_tok_s,21697120.403288662,1,2048,2048,4194304,long_sequence,6943.395116832107,193.3115511201322,0.0,7136.7066679522395
HF Rust (robust adapter),encode_tok_s,602002.506158522,2,2048,2048,4194304,long_sequence,6967.253386974335,195.96860301680863,0.0,7163.221989991143
HF Rust (robust adapter),h2d_tok_s,21402938.712790873,2,2048,2048,4194304,long_sequence,6967.253386974335,195.96860301680863,0.0,7163.221989991143
HF Rust (robust adapter),encode_tok_s,601168.5259803488,3,2048,2048,4194304,long_sequence,6976.918815169483,192.93772499077022,0.0,7169.856540160254
HF Rust (robust adapter),h2d_tok_s,21739159.618476104,3,2048,2048,4194304,long_sequence,6976.918815169483,192.93772499077022,0.0,7169.856540160254
HF Rust (robust adapter),encode_tok_s,602898.6243303872,4,2048,2048,4194304,long_sequence,6956.897612195462,191.98341201990843,0.0,7148.88102421537
HF Rust (robust adapter),h2d_tok_s,21847220.839918483,4,2048,2048,4194304,long_sequence,6956.897612195462,191.98341201990843,0.0,7148.88102421537
HF Rust (encode_batch),encode_tok_s,603850.64034338,0,2048,2048,4194304,long_sequence,6945.929539157078,193.7546080444008,0.0,7139.6841472014785
HF Rust (encode_batch),h2d_tok_s,21647505.792682014,0,2048,2048,4194304,long_sequence,6945.929539157078,193.7546080444008,0.0,7139.6841472014785
HF Rust (encode_batch),encode_tok_s,603101.7848316228,1,2048,2048,4194304,long_sequence,6954.554115887731,194.65185096487403,0.0,7149.205966852605
HF Rust (encode_batch),h2d_tok_s,21547722.147049528,1,2048,2048,4194304,long_sequence,6954.554115887731,194.65185096487403,0.0,7149.205966852605
HF Rust (encode_batch),encode_tok_s,593987.9025714714,2,2048,2048,4194304,long_sequence,7061.2616550643,205.03820106387138,0.0,7266.299856128171
HF Rust (encode_batch),h2d_tok_s,20456207.566381417,2,2048,2048,4194304,long_sequence,7061.2616550643,205.03820106387138,0.0,7266.299856128171
HF Rust (encode_batch),encode_tok_s,580574.7107417163,3,2048,2048,4194304,long_sequence,7224.400102859363,213.22380588389933,0.0,7437.623908743262
HF Rust (encode_batch),h2d_tok_s,19670899.234787155,3,2048,2048,4194304,long_sequence,7224.400102859363,213.22380588389933,0.0,7437.623908743262
HF Rust (encode_batch),encode_tok_s,574777.2748566568,4,2048,2048,4194304,long_sequence,7297.268321970478,214.18565418571234,0.0,7511.45397615619
HF Rust (encode_batch),h2d_tok_s,19582562.68817741,4,2048,2048,4194304,long_sequence,7297.268321970478,214.18565418571234,0.0,7511.45397615619
DNATok (encode i64),encode_tok_s,64536921.02293989,0,2048,2048,4194304,long_sequence,64.99076704494655,1.342663075774908,0.0,66.33343012072146
DNATok (encode i64),h2d_tok_s,3123869327.8127785,0,2048,2048,4194304,long_sequence,64.99076704494655,1.342663075774908,0.0,66.33343012072146
DNATok (encode i64),encode_tok_s,95628141.02407502,1,2048,2048,4194304,long_sequence,43.86056191287935,1.413566991686821,0.0,45.27412890456617
DNATok (encode i64),h2d_tok_s,2967177377.985392,1,2048,2048,4194304,long_sequence,43.86056191287935,1.413566991686821,0.0,45.27412890456617
DNATok (encode i64),encode_tok_s,100194818.878244,2,2048,2048,4194304,long_sequence,41.86148592270911,1.178425969555974,0.0,43.03991189226508
DNATok (encode i64),h2d_tok_s,3559242674.85415,2,2048,2048,4194304,long_sequence,41.86148592270911,1.178425969555974,0.0,43.03991189226508
DNATok (encode i64),encode_tok_s,99142336.54772152,3,2048,2048,4194304,long_sequence,42.30588208884001,1.5398680698126554,0.0,43.84575015865266
DNATok (encode i64),h2d_tok_s,2723807371.699246,3,2048,2048,4194304,long_sequence,42.30588208884001,1.5398680698126554,0.0,43.84575015865266
DNATok (encode i64),encode_tok_s,112534939.29530251,4,2048,2048,4194304,long_sequence,37.27112687192857,1.4056568033993244,0.0,38.6767836753279
DNATok (encode i64),h2d_tok_s,2983874861.81324,4,2048,2048,4194304,long_sequence,37.27112687192857,1.4056568033993244,0.0,38.6767836753279
DNATok (staging i64),encode_tok_s,66696581.01533403,0,2048,2048,4194304,long_sequence,62.8863419406116,0.9942939504981041,0.0,63.880635891109705
DNATok (staging i64),h2d_tok_s,4218374252.3011537,0,2048,2048,4194304,long_sequence,62.8863419406116,0.9942939504981041,0.0,63.880635891109705
DNATok (staging i64),encode_tok_s,118769209.7198955,1,2048,2048,4194304,long_sequence,35.314742010086775,1.3394339475780725,0.0,36.65417595766485
DNATok (staging i64),h2d_tok_s,3131400400.5826674,1,2048,2048,4194304,long_sequence,35.314742010086775,1.3394339475780725,0.0,36.65417595766485
DNATok (staging i64),encode_tok_s,124967140.03322415,2,2048,2048,4194304,long_sequence,33.56325509957969,1.1748778633773327,0.0,34.738132962957025
DNATok (staging i64),h2d_tok_s,3569991512.090415,2,2048,2048,4194304,long_sequence,33.56325509957969,1.1748778633773327,0.0,34.738132962957025
DNATok (staging i64),encode_tok_s,160318700.4519535,3,2048,2048,4194304,long_sequence,26.16228791885078,1.2888438068330288,0.0,27.45113172568381
DNATok (staging i64),h2d_tok_s,3254315206.9809937,3,2048,2048,4194304,long_sequence,26.16228791885078,1.2888438068330288,0.0,27.45113172568381
DNATok (staging i64),encode_tok_s,84842569.34202777,4,2048,2048,4194304,long_sequence,49.43631519563496,0.940779922530055,0.0,50.377095118165016
DNATok (staging i64),h2d_tok_s,4458326436.984528,4,2048,2048,4194304,long_sequence,49.43631519563496,0.940779922530055,0.0,50.377095118165016
DNATok (staging i32),encode_tok_s,66586279.858205274,0,2048,2048,4194304,long_sequence,62.99051409587264,32.92257897555828,0.0,95.91309307143092
DNATok (staging i32),h2d_tok_s,127399010.96793938,0,2048,2048,4194304,long_sequence,62.99051409587264,32.92257897555828,0.0,95.91309307143092
DNATok (staging i32),encode_tok_s,107643312.2384953,1,2048,2048,4194304,long_sequence,38.96483592689037,43.87115500867367,0.0,82.83599093556404
DNATok (staging i32),h2d_tok_s,95605050.7257161,1,2048,2048,4194304,long_sequence,38.96483592689037,43.87115500867367,0.0,82.83599093556404
DNATok (staging i32),encode_tok_s,82222340.40875131,2,2048,2048,4194304,long_sequence,51.01173208095133,26.71555709093809,0.0,77.72728917188942
DNATok (staging i32),h2d_tok_s,156998560.26669595,2,2048,2048,4194304,long_sequence,51.01173208095133,26.71555709093809,0.0,77.72728917188942
DNATok (staging i32),encode_tok_s,60622728.608099945,3,2048,2048,4194304,long_sequence,69.18698805384338,45.80906010232866,0.0,114.99604815617204
DNATok (staging i32),h2d_tok_s,91560577.55017738,3,2048,2048,4194304,long_sequence,69.18698805384338,45.80906010232866,0.0,114.99604815617204
DNATok (staging i32),encode_tok_s,78733477.73493902,4,2048,2048,4194304,long_sequence,53.27218002639711,13.949829153716564,0.0,67.22200918011367
DNATok (staging i32),h2d_tok_s,300670635.73194647,4,2048,2048,4194304,long_sequence,53.27218002639711,13.949829153716564,0.0,67.22200918011367
Streaming baseline,end2end_tok_s,392068416.56859154,0,2048,2048,4194304,long_sequence,0.0,0.0,0.0,10.697887977585196
Streaming baseline,end2end_tok_s,453028390.5631446,1,2048,2048,4194304,long_sequence,0.0,0.0,0.0,9.258368983864784
Streaming baseline,end2end_tok_s,898848298.6043303,2,2048,2048,4194304,long_sequence,0.0,0.0,0.0,4.666309105232358
Streaming baseline,end2end_tok_s,893594137.741507,3,2048,2048,4194304,long_sequence,0.0,0.0,0.0,4.693746101111174
Streaming baseline,end2end_tok_s,893656376.1116749,4,2048,2048,4194304,long_sequence,0.0,0.0,0.0,4.693419206887484
Streaming pipelined,end2end_tok_s,945590313.4242868,0,2048,2048,4194304,long_sequence,0.0,0.0,0.0,4.435646114870906
Streaming pipelined,end2end_tok_s,1002740498.5972567,1,2048,2048,4194304,long_sequence,0.0,0.0,0.0,4.182840930297971
Streaming pipelined,end2end_tok_s,1000749434.9441698,2,2048,2048,4194304,long_sequence,0.0,0.0,0.0,4.191162995994091
Streaming pipelined,end2end_tok_s,998888543.9645673,3,2048,2048,4194304,long_sequence,0.0,0.0,0.0,4.1989709716290236
Streaming pipelined,end2end_tok_s,997310990.9102426,4,2048,2048,4194304,long_sequence,0.0,0.0,0.0,4.2056129314005375
HF Rust (robust adapter),encode_tok_s,602288.0479458258,0,256,512,131072,batch_sweep_256,217.62344520539045,13.359814882278442,0.0,230.9832600876689
HF Rust (robust adapter),h2d_tok_s,9810914.38429021,0,256,512,131072,batch_sweep_256,217.62344520539045,13.359814882278442,0.0,230.9832600876689
HF Rust (robust adapter),encode_tok_s,597307.2643798376,1,256,512,131072,batch_sweep_256,219.43814819678664,12.576740933582187,0.0,232.01488913036883
HF Rust (robust adapter),h2d_tok_s,10421777.843098756,1,256,512,131072,batch_sweep_256,219.43814819678664,12.576740933582187,0.0,232.01488913036883
HF Rust (robust adapter),encode_tok_s,595586.9093972001,2,256,512,131072,batch_sweep_256,220.07199609652162,12.622115900740027,0.0,232.69411199726164
HF Rust (robust adapter),h2d_tok_s,10384312.822885372,2,256,512,131072,batch_sweep_256,220.07199609652162,12.622115900740027,0.0,232.69411199726164
HF Rust (encode_batch),encode_tok_s,604892.860202233,0,256,512,131072,batch_sweep_256,216.6863069869578,21.643587853759527,0.0,238.32989484071732
HF Rust (encode_batch),h2d_tok_s,6055927.551643549,0,256,512,131072,batch_sweep_256,216.6863069869578,21.643587853759527,0.0,238.32989484071732
HF Rust (encode_batch),encode_tok_s,541560.1826739954,1,256,512,131072,batch_sweep_256,242.02665593475103,12.66691298224032,0.0,254.69356891699135
HF Rust (encode_batch),h2d_tok_s,10347588.254831297,1,256,512,131072,batch_sweep_256,242.02665593475103,12.66691298224032,0.0,254.69356891699135
HF Rust (encode_batch),encode_tok_s,586623.0907027434,2,256,512,131072,batch_sweep_256,223.4347779303789,29.401045059785247,0.0,252.83582299016416
HF Rust (encode_batch),h2d_tok_s,4458072.824740516,2,256,512,131072,batch_sweep_256,223.4347779303789,29.401045059785247,0.0,252.83582299016416
DNATok (encode i64),encode_tok_s,7645939.855809908,0,256,512,131072,batch_sweep_256,17.142693046480417,0.07703201845288277,0.0,17.2197250649333
DNATok (encode i64),h2d_tok_s,1701526230.6825209,0,256,512,131072,batch_sweep_256,17.142693046480417,0.07703201845288277,0.0,17.2197250649333
DNATok (encode i64),encode_tok_s,18292145.272603903,1,256,512,131072,batch_sweep_256,7.165479939430952,0.06118696182966232,0.0,7.226666901260614
DNATok (encode i64),h2d_tok_s,2142155715.5409975,1,256,512,131072,batch_sweep_256,7.165479939430952,0.06118696182966232,0.0,7.226666901260614
DNATok (encode i64),encode_tok_s,7899003.225848397,2,256,512,131072,batch_sweep_256,16.593486070632935,0.06264704279601574,0.0,16.65613311342895
DNATok (encode i64),h2d_tok_s,2092229643.2535837,2,256,512,131072,batch_sweep_256,16.593486070632935,0.06264704279601574,0.0,16.65613311342895
DNATok (staging i64),encode_tok_s,7674001.065967324,0,256,512,131072,batch_sweep_256,17.080008052289486,0.06304890848696232,0.0,17.14305696077645
DNATok (staging i64),h2d_tok_s,2078894038.6986074,0,256,512,131072,batch_sweep_256,17.080008052289486,0.06304890848696232,0.0,17.14305696077645
DNATok (staging i64),encode_tok_s,19880693.700173758,1,256,512,131072,batch_sweep_256,6.592928897589445,0.05896599031984806,0.0,6.651894887909293
DNATok (staging i64),h2d_tok_s,2222840645.752386,1,256,512,131072,batch_sweep_256,6.592928897589445,0.05896599031984806,0.0,6.651894887909293
DNATok (staging i64),encode_tok_s,16090290.199213559,2,256,512,131072,batch_sweep_256,8.146030828356743,0.05316082388162613,0.0,8.199191652238369
DNATok (staging i64),h2d_tok_s,2465575031.1895027,2,256,512,131072,batch_sweep_256,8.146030828356743,0.05316082388162613,0.0,8.199191652238369
DNATok (staging i32),encode_tok_s,3584129.7143816184,0,256,512,131072,batch_sweep_256,36.57010500319302,24.302935926243663,0.0,60.873040929436684
DNATok (staging i32),h2d_tok_s,5393257.851552872,0,256,512,131072,batch_sweep_256,36.57010500319302,24.302935926243663,0.0,60.873040929436684
DNATok (staging i32),encode_tok_s,4091978.6259741,1,256,512,131072,batch_sweep_256,32.03144785948098,17.758429050445557,0.0,49.789876909926534
DNATok (staging i32),h2d_tok_s,7380833.047093849,1,256,512,131072,batch_sweep_256,32.03144785948098,17.758429050445557,0.0,49.789876909926534
DNATok (staging i32),encode_tok_s,8686228.5181321,2,256,512,131072,batch_sweep_256,15.08963294327259,14.09592991694808,0.0,29.18556286022067
DNATok (staging i32),h2d_tok_s,9298570.635088578,2,256,512,131072,batch_sweep_256,15.08963294327259,14.09592991694808,0.0,29.18556286022067
Streaming baseline,end2end_tok_s,58001414.35281533,0,256,512,131072,batch_sweep_256,0.0,0.0,0.0,2.259806962683797
Streaming baseline,end2end_tok_s,408884367.98601973,1,256,512,131072,batch_sweep_256,0.0,0.0,0.0,0.32056006602942944
Streaming baseline,end2end_tok_s,566181149.2400248,2,256,512,131072,batch_sweep_256,0.0,0.0,0.0,0.231501879170537
Streaming pipelined,end2end_tok_s,181773020.3614576,0,256,512,131072,batch_sweep_256,0.0,0.0,0.0,0.7210751064121723
Streaming pipelined,end2end_tok_s,269148255.7457561,1,256,512,131072,batch_sweep_256,0.0,0.0,0.0,0.4869881086051464
Streaming pipelined,end2end_tok_s,277233170.58413345,2,256,512,131072,batch_sweep_256,0.0,0.0,0.0,0.4727861378341913
HF Rust (robust adapter),encode_tok_s,600385.0536145945,0,512,512,262144,batch_sweep_512,436.6264590062201,18.928504083305597,0.0,455.5549630895257
HF Rust (robust adapter),h2d_tok_s,13849166.254569666,0,512,512,262144,batch_sweep_512,436.6264590062201,18.928504083305597,0.0,455.5549630895257
HF Rust (robust adapter),encode_tok_s,596564.9140031836,1,512,512,262144,batch_sweep_512,439.4224230200052,14.87733400426805,0.0,454.2997570242733
HF Rust (robust adapter),h2d_tok_s,17620361.277416736,1,512,512,262144,batch_sweep_512,439.4224230200052,14.87733400426805,0.0,454.2997570242733
HF Rust (robust adapter),encode_tok_s,600790.2971153159,2,512,512,262144,batch_sweep_512,436.33194686844945,18.497037002816796,0.0,454.82898387126625
HF Rust (robust adapter),h2d_tok_s,14172215.796512693,2,512,512,262144,batch_sweep_512,436.33194686844945,18.497037002816796,0.0,454.82898387126625
HF Rust (encode_batch),encode_tok_s,600902.279821423,0,512,512,262144,batch_sweep_512,436.2506330944598,18.277125200256705,0.0,454.5277582947165
HF Rust (encode_batch),h2d_tok_s,14342737.007476326,0,512,512,262144,batch_sweep_512,436.2506330944598,18.277125200256705,0.0,454.5277582947165
HF Rust (encode_batch),encode_tok_s,599336.3031752676,1,512,512,262144,batch_sweep_512,437.39049113355577,12.829434825107455,0.0,450.2199259586632
HF Rust (encode_batch),h2d_tok_s,20433012.332466826,1,512,512,262144,batch_sweep_512,437.39049113355577,12.829434825107455,0.0,450.2199259586632
HF Rust (encode_batch),encode_tok_s,592394.9319628229,2,512,512,262144,batch_sweep_512,442.5156021025032,19.0057591535151,0.0,461.5213612560183
HF Rust (encode_batch),h2d_tok_s,13792871.828090943,2,512,512,262144,batch_sweep_512,442.5156021025032,19.0057591535151,0.0,461.5213612560183
DNATok (encode i64),encode_tok_s,35434877.850455865,0,512,512,262144,batch_sweep_512,7.397908950224519,0.306048896163702,0.0,7.703957846388221
DNATok (encode i64),h2d_tok_s,856542870.3908222,0,512,512,262144,batch_sweep_512,7.397908950224519,0.306048896163702,0.0,7.703957846388221
DNATok (encode i64),encode_tok_s,32377087.385349803,1,512,512,262144,batch_sweep_512,8.096589939668775,0.27680303901433945,0.0,8.373392978683114
DNATok (encode i64),h2d_tok_s,947041625.4585266,1,512,512,262144,batch_sweep_512,8.096589939668775,0.27680303901433945,0.0,8.373392978683114
DNATok (encode i64),encode_tok_s,35673237.014084354,2,512,512,262144,batch_sweep_512,7.348478073254228,0.27994997799396515,0.0,7.628428051248193
DNATok (encode i64),h2d_tok_s,936395858.568887,2,512,512,262144,batch_sweep_512,7.348478073254228,0.27994997799396515,0.0,7.628428051248193
DNATok (staging i64),encode_tok_s,18522760.867873825,0,512,512,262144,batch_sweep_512,14.15253384038806,0.24228007532656193,0.0,14.394813915714622
DNATok (staging i64),h2d_tok_s,1081987446.3331914,0,512,512,262144,batch_sweep_512,14.15253384038806,0.24228007532656193,0.0,14.394813915714622
DNATok (staging i64),encode_tok_s,35751605.95162276,1,512,512,262144,batch_sweep_512,7.332369918003678,0.2198079600930214,0.0,7.5521778780967
DNATok (staging i64),h2d_tok_s,1192604671.3188288,1,512,512,262144,batch_sweep_512,7.332369918003678,0.2198079600930214,0.0,7.5521778780967
DNATok (staging i64),encode_tok_s,35932647.00480264,2,512,512,262144,batch_sweep_512,7.2954269126057625,0.2084809821099043,0.0,7.503907894715667
DNATok (staging i64),h2d_tok_s,1257400062.811515,2,512,512,262144,batch_sweep_512,7.2954269126057625,0.2084809821099043,0.0,7.503907894715667
DNATok (staging i32),encode_tok_s,15048905.496349193,0,512,512,262144,batch_sweep_512,17.41947280243039,13.602129882201552,0.0,31.021602684631944
DNATok (staging i32),h2d_tok_s,19272275.9060709,0,512,512,262144,batch_sweep_512,17.41947280243039,13.602129882201552,0.0,31.021602684631944
DNATok (staging i32),encode_tok_s,18710010.972463064,1,512,512,262144,batch_sweep_512,14.010895043611526,13.58289597555995,0.0,27.593791019171476
DNATok (staging i32),h2d_tok_s,19299566.194991287,1,512,512,262144,batch_sweep_512,14.010895043611526,13.58289597555995,0.0,27.593791019171476
DNATok (staging i32),encode_tok_s,18719916.83166444,2,512,512,262144,batch_sweep_512,14.003481017425656,13.561294181272388,0.0,27.564775198698044
DNATok (staging i32),h2d_tok_s,19330308.486487266,2,512,512,262144,batch_sweep_512,14.003481017425656,13.561294181272388,0.0,27.564775198698044
Streaming baseline,end2end_tok_s,286697019.5736808,0,512,512,262144,batch_sweep_512,0.0,0.0,0.0,0.9143589995801449
Streaming baseline,end2end_tok_s,450752297.53682566,1,512,512,262144,batch_sweep_512,0.0,0.0,0.0,0.5815699696540833
Streaming baseline,end2end_tok_s,442876588.44674724,2,512,512,262144,batch_sweep_512,0.0,0.0,0.0,0.5919120740145445
Streaming pipelined,end2end_tok_s,341728970.5220796,0,512,512,262144,batch_sweep_512,0.0,0.0,0.0,0.7671108469367027
Streaming pipelined,end2end_tok_s,369999114.96054,1,512,512,262144,batch_sweep_512,0.0,0.0,0.0,0.7084989920258522
Streaming pipelined,end2end_tok_s,370605874.93560696,2,512,512,262144,batch_sweep_512,0.0,0.0,0.0,0.7073390297591686
HF Rust (robust adapter),encode_tok_s,593921.0635077253,0,1024,512,524288,batch_sweep_1024,882.7570399735123,40.32271192409098,0.0,923.0797518976033
HF Rust (robust adapter),h2d_tok_s,13002300.068184696,0,1024,512,524288,batch_sweep_1024,882.7570399735123,40.32271192409098,0.0,923.0797518976033
HF Rust (robust adapter),encode_tok_s,600207.8716063149,1,1024,512,524288,batch_sweep_1024,873.5107032116503,36.47969011217356,0.0,909.9903933238238
HF Rust (robust adapter),h2d_tok_s,14372051.911291895,1,1024,512,524288,batch_sweep_1024,873.5107032116503,36.47969011217356,0.0,909.9903933238238
HF Rust (robust adapter),encode_tok_s,552658.542784029,2,1024,512,524288,batch_sweep_1024,948.6653320491314,29.5873349532485,0.0,978.2526670023799
HF Rust (robust adapter),h2d_tok_s,17720014.351695996,2,1024,512,524288,batch_sweep_1024,948.6653320491314,29.5873349532485,0.0,978.2526670023799
HF Rust (encode_batch),encode_tok_s,598264.4953662165,0,1024,512,524288,batch_sweep_1024,876.3481772039086,29.347855132073164,0.0,905.6960323359817
HF Rust (encode_batch),h2d_tok_s,17864610.46780299,0,1024,512,524288,batch_sweep_1024,876.3481772039086,29.347855132073164,0.0,905.6960323359817
HF Rust (encode_batch),encode_tok_s,595900.8405658518,1,1024,512,524288,batch_sweep_1024,879.8242330085486,25.27753496542573,0.0,905.1017679739743
HF Rust (encode_batch),h2d_tok_s,20741262.971928,1,1024,512,524288,batch_sweep_1024,879.8242330085486,25.27753496542573,0.0,905.1017679739743
HF Rust (encode_batch),encode_tok_s,593867.9982251073,2,1024,512,524288,batch_sweep_1024,882.8359190374613,30.574083095416427,0.0,913.4100021328777
HF Rust (encode_batch),h2d_tok_s,17148118.50166652,2,1024,512,524288,batch_sweep_1024,882.8359190374613,30.574083095416427,0.0,913.4100021328777
DNATok (encode i64),encode_tok_s,65374314.10195456,0,1024,512,524288,batch_sweep_1024,8.019785862416029,0.5369670689105988,0.0,8.556752931326628
DNATok (encode i64),h2d_tok_s,976387622.920113,0,1024,512,524288,batch_sweep_1024,8.019785862416029,0.5369670689105988,0.0,8.556752931326628
DNATok (encode i64),encode_tok_s,57046380.31428125,1,1024,512,524288,batch_sweep_1024,9.190556826069951,0.5575171671807766,0.0,9.748073993250728
DNATok (encode i64),h2d_tok_s,940397948.0151112,1,1024,512,524288,batch_sweep_1024,9.190556826069951,0.5575171671807766,0.0,9.748073993250728
DNATok (encode i64),encode_tok_s,65186989.63009892,2,1024,512,524288,batch_sweep_1024,8.042831905186176,0.490603968501091,0.0,8.533435873687267
DNATok (encode i64),h2d_tok_s,1068658293.983682,2,1024,512,524288,batch_sweep_1024,8.042831905186176,0.490603968501091,0.0,8.533435873687267
DNATok (staging i64),encode_tok_s,45409122.12199898,0,1024,512,524288,batch_sweep_1024,11.545873945578933,0.44836592860519886,0.0,11.994239874184132
DNATok (staging i64),h2d_tok_s,1169330599.296391,0,1024,512,524288,batch_sweep_1024,11.545873945578933,0.44836592860519886,0.0,11.994239874184132
DNATok (staging i64),encode_tok_s,65760529.838842824,1,1024,512,524288,batch_sweep_1024,7.972685154527426,0.40833489038050175,0.0,8.381020044907928
DNATok (staging i64),h2d_tok_s,1283965716.256695,1,1024,512,524288,batch_sweep_1024,7.972685154527426,0.40833489038050175,0.0,8.381020044907928
DNATok (staging i64),encode_tok_s,46471435.722005114,2,1024,512,524288,batch_sweep_1024,11.281941086053848,0.3673247992992401,0.0,11.649265885353088
DNATok (staging i64),h2d_tok_s,1427314466.6524143,2,1024,512,524288,batch_sweep_1024,11.281941086053848,0.3673247992992401,0.0,11.649265885353088
DNATok (staging i32),encode_tok_s,24461768.149774168,0,1024,512,524288,batch_sweep_1024,21.43295598216355,13.779333094134927,0.0,35.212289076298475
DNATok (staging i32),h2d_tok_s,38048866.11117336,0,1024,512,524288,batch_sweep_1024,21.43295598216355,13.779333094134927,0.0,35.212289076298475
DNATok (staging i32),encode_tok_s,112717722.40729435,1,1024,512,524288,batch_sweep_1024,4.651335999369621,0.4254139494150877,0.0,5.076749948784709
DNATok (staging i32),h2d_tok_s,1232418449.6555808,1,1024,512,524288,batch_sweep_1024,4.651335999369621,0.4254139494150877,0.0,5.076749948784709
DNATok (staging i32),encode_tok_s,407898614.3592077,2,1024,512,524288,batch_sweep_1024,1.285339007154107,0.39734202437102795,0.0,1.682681031525135
DNATok (staging i32),h2d_tok_s,1319487916.814037,2,1024,512,524288,batch_sweep_1024,1.285339007154107,0.39734202437102795,0.0,1.682681031525135
Streaming baseline,end2end_tok_s,533387611.773292,0,1024,512,524288,batch_sweep_1024,0.0,0.0,0.0,0.9829399641603231
Streaming baseline,end2end_tok_s,447709166.30518985,1,1024,512,524288,batch_sweep_1024,0.0,0.0,0.0,1.1710459366440773
Streaming baseline,end2end_tok_s,398694780.63290954,2,1024,512,524288,batch_sweep_1024,0.0,0.0,0.0,1.3150109443813562
Streaming pipelined,end2end_tok_s,226303032.79909357,0,1024,512,524288,batch_sweep_1024,0.0,0.0,0.0,2.3167519830167294
Streaming pipelined,end2end_tok_s,468136510.448303,1,1024,512,524288,batch_sweep_1024,0.0,0.0,0.0,1.1199468281120062
Streaming pipelined,end2end_tok_s,495777330.764672,2,1024,512,524288,batch_sweep_1024,0.0,0.0,0.0,1.0575070045888424
HF Rust (robust adapter),encode_tok_s,597708.4965950821,0,2048,512,1048576,batch_sweep_2048,1754.3267428409308,48.044309951364994,0.0,1802.3710527922958
HF Rust (robust adapter),h2d_tok_s,21825185.980638873,0,2048,512,1048576,batch_sweep_2048,1754.3267428409308,48.044309951364994,0.0,1802.3710527922958
HF Rust (robust adapter),encode_tok_s,599449.5868732288,1,2048,512,1048576,batch_sweep_2048,1749.2313331458718,47.53029812127352,0.0,1796.7616312671453
HF Rust (robust adapter),h2d_tok_s,22061212.3518468,1,2048,512,1048576,batch_sweep_2048,1749.2313331458718,47.53029812127352,0.0,1796.7616312671453
HF Rust (robust adapter),encode_tok_s,595435.3367969905,2,2048,512,1048576,batch_sweep_2048,1761.024136794731,46.359745087102056,0.0,1807.383881881833
HF Rust (robust adapter),h2d_tok_s,22618243.435763173,2,2048,512,1048576,batch_sweep_2048,1761.024136794731,46.359745087102056,0.0,1807.383881881833
HF Rust (encode_batch),encode_tok_s,602605.8597458188,0,2048,512,1048576,batch_sweep_2048,1740.069372113794,47.231319127604365,0.0,1787.3006912413985
HF Rust (encode_batch),h2d_tok_s,22200862.041711625,0,2048,512,1048576,batch_sweep_2048,1740.069372113794,47.231319127604365,0.0,1787.3006912413985
HF Rust (encode_batch),encode_tok_s,597011.6662842672,1,2048,512,1048576,batch_sweep_2048,1756.3743880018592,45.750202843919396,0.0,1802.1245908457786
HF Rust (encode_batch),h2d_tok_s,22919592.36940006,1,2048,512,1048576,batch_sweep_2048,1756.3743880018592,45.750202843919396,0.0,1802.1245908457786
HF Rust (encode_batch),encode_tok_s,599597.5157767127,2,2048,512,1048576,batch_sweep_2048,1748.799773864448,46.3430848903954,0.0,1795.1428587548435
HF Rust (encode_batch),h2d_tok_s,22626374.62482169,2,2048,512,1048576,batch_sweep_2048,1748.799773864448,46.3430848903954,0.0,1795.1428587548435
DNATok (encode i64),encode_tok_s,378825062.4284589,0,2048,512,1048576,batch_sweep_2048,2.76796892285347,1.018207985907793,0.0,3.786176908761263
DNATok (encode i64),h2d_tok_s,1029824961.6114845,0,2048,512,1048576,batch_sweep_2048,2.76796892285347,1.018207985907793,0.0,3.786176908761263
DNATok (encode i64),encode_tok_s,201847237.95725593,1,2048,512,1048576,batch_sweep_2048,5.1948989275842905,1.114533981308341,0.0,6.3094329088926315
DNATok (encode i64),h2d_tok_s,940820125.3487905,1,2048,512,1048576,batch_sweep_2048,5.1948989275842905,1.114533981308341,0.0,6.3094329088926315
DNATok (encode i64),encode_tok_s,375010929.27380353,2,2048,512,1048576,batch_sweep_2048,2.79612117446959,1.140344189479947,0.0,3.9364653639495373
DNATok (encode i64),h2d_tok_s,919525884.9682938,2,2048,512,1048576,batch_sweep_2048,2.79612117446959,1.140344189479947,0.0,3.9364653639495373
DNATok (staging i64),encode_tok_s,338616360.5768671,0,2048,512,1048576,batch_sweep_2048,3.096648957580328,1.1147730983793736,0.0,4.2114220559597015
DNATok (staging i64),h2d_tok_s,940618320.9160599,0,2048,512,1048576,batch_sweep_2048,3.096648957580328,1.1147730983793736,0.0,4.2114220559597015
DNATok (staging i64),encode_tok_s,385471171.9023449,1,2048,512,1048576,batch_sweep_2048,2.7202449273318052,1.0645310394465923,0.0,3.7847759667783976
DNATok (staging i64),h2d_tok_s,985012142.5722948,1,2048,512,1048576,batch_sweep_2048,2.7202449273318052,1.0645310394465923,0.0,3.7847759667783976
DNATok (staging i64),encode_tok_s,385000703.335929,2,2048,512,1048576,batch_sweep_2048,2.7235690504312515,1.0653338395059109,0.0,3.7889028899371624
DNATok (staging i64),h2d_tok_s,984269870.2655658,2,2048,512,1048576,batch_sweep_2048,2.7235690504312515,1.0653338395059109,0.0,3.7889028899371624
DNATok (staging i32),encode_tok_s,371995071.73151064,0,2048,512,1048576,batch_sweep_2048,2.8187900315970182,1.3621749822050333,0.0,4.1809650138020515
DNATok (staging i32),h2d_tok_s,769780691.6866201,0,2048,512,1048576,batch_sweep_2048,2.8187900315970182,1.3621749822050333,0.0,4.1809650138020515
DNATok (staging i32),encode_tok_s,401695085.1992613,1,2048,512,1048576,batch_sweep_2048,2.6103779673576355,1.2871399521827698,0.0,3.8975179195404053
DNATok (staging i32),h2d_tok_s,814655778.6678861,1,2048,512,1048576,batch_sweep_2048,2.6103779673576355,1.2871399521827698,0.0,3.8975179195404053
DNATok (staging i32),encode_tok_s,402098349.58689255,2,2048,512,1048576,batch_sweep_2048,2.6077600196003914,1.2178150936961174,0.0,3.825575113296509
DNATok (staging i32),h2d_tok_s,861030550.0628425,2,2048,512,1048576,batch_sweep_2048,2.6077600196003914,1.2178150936961174,0.0,3.825575113296509
Streaming baseline,end2end_tok_s,647976264.949525,0,2048,512,1048576,batch_sweep_2048,0.0,0.0,0.0,1.618232112377882
Streaming baseline,end2end_tok_s,514165893.45070875,1,2048,512,1048576,batch_sweep_2048,0.0,0.0,0.0,2.0393729209899902
Streaming baseline,end2end_tok_s,513347787.61179566,2,2048,512,1048576,batch_sweep_2048,0.0,0.0,0.0,2.0426230039447546
Streaming pipelined,end2end_tok_s,467191179.0292282,0,2048,512,1048576,batch_sweep_2048,0.0,0.0,0.0,2.2444259375333786
Streaming pipelined,end2end_tok_s,534241485.49542975,1,2048,512,1048576,batch_sweep_2048,0.0,0.0,0.0,1.9627378787845373
Streaming pipelined,end2end_tok_s,565491129.1830784,2,2048,512,1048576,batch_sweep_2048,0.0,0.0,0.0,1.8542748875916004
HF Rust (robust adapter),encode_tok_s,598742.1343615636,0,4096,512,2097152,batch_sweep_4096,3502.596325939521,93.45974214375019,0.0,3596.0560680832714
HF Rust (robust adapter),h2d_tok_s,22439094.650768198,0,4096,512,2097152,batch_sweep_4096,3502.596325939521,93.45974214375019,0.0,3596.0560680832714
HF Rust (robust adapter),encode_tok_s,599466.0220786686,1,4096,512,2097152,batch_sweep_4096,3498.3667510095984,95.37470294162631,0.0,3593.7414539512247
HF Rust (robust adapter),h2d_tok_s,21988556.03548829,1,4096,512,2097152,batch_sweep_4096,3498.3667510095984,95.37470294162631,0.0,3593.7414539512247
HF Rust (robust adapter),encode_tok_s,600454.8178793606,2,4096,512,2097152,batch_sweep_4096,3492.605834035203,97.10814710706472,0.0,3589.7139811422676
HF Rust (robust adapter),h2d_tok_s,21596045.877467163,2,4096,512,2097152,batch_sweep_4096,3492.605834035203,97.10814710706472,0.0,3589.7139811422676
HF Rust (encode_batch),encode_tok_s,603441.9985088722,0,4096,512,2097152,batch_sweep_4096,3475.316609023139,93.85999594815075,0.0,3569.1766049712896
HF Rust (encode_batch),h2d_tok_s,22343406.03592705,0,4096,512,2097152,batch_sweep_4096,3475.316609023139,93.85999594815075,0.0,3569.1766049712896
HF Rust (encode_batch),encode_tok_s,600092.0706846262,1,4096,512,2097152,batch_sweep_4096,3494.7170650120825,97.79519191943109,0.0,3592.5122569315135
HF Rust (encode_batch),h2d_tok_s,21444326.237712648,1,4096,512,2097152,batch_sweep_4096,3494.7170650120825,97.79519191943109,0.0,3592.5122569315135
HF Rust (encode_batch),encode_tok_s,595819.7488908869,2,4096,512,2097152,batch_sweep_4096,3519.775911932811,95.92505893670022,0.0,3615.7009708695114
HF Rust (encode_batch),h2d_tok_s,21862399.91141298,2,4096,512,2097152,batch_sweep_4096,3519.775911932811,95.92505893670022,0.0,3615.7009708695114
DNATok (encode i64),encode_tok_s,368381880.0344543,0,4096,512,2097152,batch_sweep_4096,5.692875012755394,1.7121890559792519,0.0,7.405064068734646
DNATok (encode i64),h2d_tok_s,1224836704.0289114,0,4096,512,2097152,batch_sweep_4096,5.692875012755394,1.7121890559792519,0.0,7.405064068734646
DNATok (encode i64),encode_tok_s,373152600.1180619,1,4096,512,2097152,batch_sweep_4096,5.620092153549194,1.845624065026641,0.0,7.465716218575835
DNATok (encode i64),h2d_tok_s,1136283406.6479993,1,4096,512,2097152,batch_sweep_4096,5.620092153549194,1.845624065026641,0.0,7.465716218575835
DNATok (encode i64),encode_tok_s,376330675.94718134,2,4096,512,2097152,batch_sweep_4096,5.572631023824215,1.7853109166026115,0.0,7.3579419404268265
DNATok (encode i64),h2d_tok_s,1174670462.437328,2,4096,512,2097152,batch_sweep_4096,5.572631023824215,1.7853109166026115,0.0,7.3579419404268265
DNATok (staging i64),encode_tok_s,257677132.652812,0,4096,512,2097152,batch_sweep_4096,8.138681063428521,1.5295729972422123,0.0,9.668254060670733
DNATok (staging i64),h2d_tok_s,1371070229.2607942,0,4096,512,2097152,batch_sweep_4096,8.138681063428521,1.5295729972422123,0.0,9.668254060670733
DNATok (staging i64),encode_tok_s,251719448.78994685,1,4096,512,2097152,batch_sweep_4096,8.331306977197528,1.3972509186714888,0.0,9.728557895869017
DNATok (staging i64),h2d_tok_s,1500912951.2643154,1,4096,512,2097152,batch_sweep_4096,8.331306977197528,1.3972509186714888,0.0,9.728557895869017
DNATok (staging i64),encode_tok_s,388779337.35290384,2,4096,512,2097152,batch_sweep_4096,5.394196137785912,1.257103169336915,0.0,6.651299307122827
DNATok (staging i64),h2d_tok_s,1668241757.043844,2,4096,512,2097152,batch_sweep_4096,5.394196137785912,1.257103169336915,0.0,6.651299307122827
DNATok (staging i32),encode_tok_s,205142993.36341664,0,4096,512,2097152,batch_sweep_4096,10.222879005596042,1.8843060825020075,0.0,12.10718508809805
DNATok (staging i32),h2d_tok_s,1112957188.5770133,0,4096,512,2097152,batch_sweep_4096,10.222879005596042,1.8843060825020075,0.0,12.10718508809805
DNATok (staging i32),encode_tok_s,392206845.79100615,1,4096,512,2097152,batch_sweep_4096,5.347056081518531,1.7937410157173872,0.0,7.140797097235918
DNATok (staging i32),h2d_tok_s,1169149827.9985905,1,4096,512,2097152,batch_sweep_4096,5.347056081518531,1.7937410157173872,0.0,7.140797097235918
DNATok (staging i32),encode_tok_s,401082790.6934728,2,4096,512,2097152,batch_sweep_4096,5.228725960478187,1.7532510682940483,0.0,6.981977028772235
DNATok (staging i32),h2d_tok_s,1196150419.0273073,2,4096,512,2097152,batch_sweep_4096,5.228725960478187,1.7532510682940483,0.0,6.981977028772235
Streaming baseline,end2end_tok_s,793390949.8478252,0,4096,512,2097152,batch_sweep_4096,0.0,0.0,0.0,2.6432769373059273
Streaming baseline,end2end_tok_s,719468189.5971205,1,4096,512,2097152,batch_sweep_4096,0.0,0.0,0.0,2.9148641042411327
Streaming baseline,end2end_tok_s,604054948.8550398,2,4096,512,2097152,batch_sweep_4096,0.0,0.0,0.0,3.471790114417672
Streaming pipelined,end2end_tok_s,772866080.8740506,0,4096,512,2097152,batch_sweep_4096,0.0,0.0,0.0,2.713473979383707
Streaming pipelined,end2end_tok_s,785945889.4064126,1,4096,512,2097152,batch_sweep_4096,0.0,0.0,0.0,2.6683160103857517
Streaming pipelined,end2end_tok_s,785313134.3738081,2,4096,512,2097152,batch_sweep_4096,0.0,0.0,0.0,2.6704659685492516
HF Rust (robust adapter),encode_tok_s,599449.1107499187,0,8192,512,4194304,batch_sweep_8192,6996.93089001812,194.8031261563301,0.0,7191.7340161744505
HF Rust (robust adapter),h2d_tok_s,21530989.172289044,0,8192,512,4194304,batch_sweep_8192,6996.93089001812,194.8031261563301,0.0,7191.7340161744505
HF Rust (robust adapter),encode_tok_s,597345.6548464827,1,8192,512,4194304,batch_sweep_8192,7021.569448057562,191.7769641149789,0.0,7213.346412172541
HF Rust (robust adapter),h2d_tok_s,21870739.373501223,1,8192,512,4194304,batch_sweep_8192,7021.569448057562,191.7769641149789,0.0,7213.346412172541
HF Rust (robust adapter),encode_tok_s,596125.1389381788,2,8192,512,4194304,batch_sweep_8192,7035.945518873632,191.51109806261957,0.0,7227.4566169362515
HF Rust (robust adapter),h2d_tok_s,21901101.5154253,2,8192,512,4194304,batch_sweep_8192,7035.945518873632,191.51109806261957,0.0,7227.4566169362515
HF Rust (encode_batch),encode_tok_s,598473.0947366448,0,8192,512,4194304,batch_sweep_8192,7008.341789944097,192.31917709112167,0.0,7200.660967035219
HF Rust (encode_batch),h2d_tok_s,21809078.342783883,0,8192,512,4194304,batch_sweep_8192,7008.341789944097,192.31917709112167,0.0,7200.660967035219
HF Rust (encode_batch),encode_tok_s,595043.4054850694,1,8192,512,4194304,batch_sweep_8192,7048.736212076619,195.37808513268828,0.0,7244.114297209308
HF Rust (encode_batch),h2d_tok_s,21467627.7390655,1,8192,512,4194304,batch_sweep_8192,7048.736212076619,195.37808513268828,0.0,7244.114297209308
HF Rust (encode_batch),encode_tok_s,591172.0800719835,2,8192,512,4194304,batch_sweep_8192,7094.895279034972,198.21577589027584,0.0,7293.111054925248
HF Rust (encode_batch),h2d_tok_s,21160293.52942016,2,8192,512,4194304,batch_sweep_8192,7094.895279034972,198.21577589027584,0.0,7293.111054925248
DNATok (encode i64),encode_tok_s,248414517.2069441,0,8192,512,4194304,batch_sweep_8192,16.884295037016273,2.0344271324574947,0.0,18.918722169473767
DNATok (encode i64),h2d_tok_s,2061663420.1754246,0,8192,512,4194304,batch_sweep_8192,16.884295037016273,2.0344271324574947,0.0,18.918722169473767
DNATok (encode i64),encode_tok_s,256019639.96257347,1,8192,512,4194304,batch_sweep_8192,16.382743138819933,2.0285900682210922,0.0,18.411333207041025
DNATok (encode i64),h2d_tok_s,2067595649.6612754,1,8192,512,4194304,batch_sweep_8192,16.382743138819933,2.0285900682210922,0.0,18.411333207041025
DNATok (encode i64),encode_tok_s,263739871.47221664,2,8192,512,4194304,batch_sweep_8192,15.903185121715069,1.796900061890483,0.0,17.70008518360555
DNATok (encode i64),h2d_tok_s,2334188800.4540753,2,8192,512,4194304,batch_sweep_8192,15.903185121715069,1.796900061890483,0.0,17.70008518360555
DNATok (staging i64),encode_tok_s,209820885.3619088,0,8192,512,4194304,batch_sweep_8192,19.98992613516748,1.811437075957656,0.0,21.801363211125135
DNATok (staging i64),h2d_tok_s,2315456636.981215,0,8192,512,4194304,batch_sweep_8192,19.98992613516748,1.811437075957656,0.0,21.801363211125135
DNATok (staging i64),encode_tok_s,256153090.97851992,1,8192,512,4194304,batch_sweep_8192,16.37420803308487,1.7385079991072416,0.0,18.11271603219211
DNATok (staging i64),h2d_tok_s,2412588266.5790772,1,8192,512,4194304,batch_sweep_8192,16.37420803308487,1.7385079991072416,0.0,18.11271603219211
DNATok (staging i64),encode_tok_s,265508745.2198095,2,8192,512,4194304,batch_sweep_8192,15.797234838828444,1.719780033454299,0.0,17.517014872282743
DNATok (staging i64),h2d_tok_s,2438860737.076617,2,8192,512,4194304,batch_sweep_8192,15.797234838828444,1.719780033454299,0.0,17.517014872282743
DNATok (staging i32),encode_tok_s,256246379.54708642,0,8192,512,4194304,batch_sweep_8192,16.3682468701154,9.101764066144824,0.0,25.470010936260223
DNATok (staging i32),h2d_tok_s,460823195.31894374,0,8192,512,4194304,batch_sweep_8192,16.3682468701154,9.101764066144824,0.0,25.470010936260223
DNATok (staging i32),encode_tok_s,262179068.3808397,1,8192,512,4194304,batch_sweep_8192,15.997859882190824,8.210300002247095,0.0,24.20815988443792
DNATok (staging i32),h2d_tok_s,510858799.17323995,1,8192,512,4194304,batch_sweep_8192,15.997859882190824,8.210300002247095,0.0,24.20815988443792
DNATok (staging i32),encode_tok_s,262011928.2674216,2,8192,512,4194304,batch_sweep_8192,16.008065082132816,9.10340715199709,0.0,25.111472234129906
DNATok (staging i32),h2d_tok_s,460740020.738264,2,8192,512,4194304,batch_sweep_8192,16.008065082132816,9.10340715199709,0.0,25.111472234129906
Streaming baseline,end2end_tok_s,881450190.2842197,0,8192,512,4194304,batch_sweep_8192,0.0,0.0,0.0,4.758412949740887
Streaming baseline,end2end_tok_s,863277549.4521196,1,8192,512,4194304,batch_sweep_8192,0.0,0.0,0.0,4.858581116423011
Streaming baseline,end2end_tok_s,864646983.0387692,2,8192,512,4194304,batch_sweep_8192,0.0,0.0,0.0,4.85088606365025
Streaming pipelined,end2end_tok_s,963320694.6579976,0,8192,512,4194304,batch_sweep_8192,0.0,0.0,0.0,4.354005912318826
Streaming pipelined,end2end_tok_s,975026341.717143,1,8192,512,4194304,batch_sweep_8192,0.0,0.0,0.0,4.30173403583467
Streaming pipelined,end2end_tok_s,972008013.8157617,2,8192,512,4194304,batch_sweep_8192,0.0,0.0,0.0,4.31509199552238
HF Rust (robust adapter),encode_tok_s,598011.94735478,0,16384,512,8388608,batch_sweep_16384,14027.492322027683,400.82588605582714,0.0,14428.31820808351
HF Rust (robust adapter),h2d_tok_s,20928309.003554806,0,16384,512,8388608,batch_sweep_16384,14027.492322027683,400.82588605582714,0.0,14428.31820808351
HF Rust (robust adapter),encode_tok_s,597728.8838117176,1,16384,512,8388608,batch_sweep_16384,14034.135252935812,382.52089102752507,0.0,14416.656143963337
HF Rust (robust adapter),h2d_tok_s,21929803.565673437,1,16384,512,8388608,batch_sweep_16384,14034.135252935812,382.52089102752507,0.0,14416.656143963337
HF Rust (robust adapter),encode_tok_s,600459.2781243604,2,16384,512,8388608,batch_sweep_16384,13970.319563057274,387.1948141604662,0.0,14357.51437721774
HF Rust (robust adapter),h2d_tok_s,21665083.552806795,2,16384,512,8388608,batch_sweep_16384,13970.319563057274,387.1948141604662,0.0,14357.51437721774
HF Rust (encode_batch),encode_tok_s,599982.2054384238,0,16384,512,8388608,batch_sweep_16384,13981.42798896879,384.03935194946826,0.0,14365.467340918258
HF Rust (encode_batch),h2d_tok_s,21843094.874047622,0,16384,512,8388608,batch_sweep_16384,13981.42798896879,384.03935194946826,0.0,14365.467340918258
HF Rust (encode_batch),encode_tok_s,598187.0300402264,1,16384,512,8388608,batch_sweep_16384,14023.386631160975,381.14517205394804,0.0,14404.531803214923
HF Rust (encode_batch),h2d_tok_s,22008957.780560996,1,16384,512,8388608,batch_sweep_16384,14023.386631160975,381.14517205394804,0.0,14404.531803214923
HF Rust (encode_batch),encode_tok_s,592723.7622289285,2,16384,512,8388608,batch_sweep_16384,14152.64332992956,383.8863940909505,0.0,14536.529724020511
HF Rust (encode_batch),h2d_tok_s,21851798.15988104,2,16384,512,8388608,batch_sweep_16384,14152.64332992956,383.8863940909505,0.0,14536.529724020511
DNATok (encode i64),encode_tok_s,232466273.48227438,0,16384,512,8388608,batch_sweep_16384,36.08526894822717,2.5747199542820454,0.0,38.65998890250921
DNATok (encode i64),h2d_tok_s,3258066177.662861,0,16384,512,8388608,batch_sweep_16384,36.08526894822717,2.5747199542820454,0.0,38.65998890250921
DNATok (encode i64),encode_tok_s,168407000.64663327,1,16384,512,8388608,batch_sweep_16384,49.81151595711708,2.6722648181021214,0.0,52.4837807752192
DNATok (encode i64),h2d_tok_s,3139137986.315931,1,16384,512,8388608,batch_sweep_16384,49.81151595711708,2.6722648181021214,0.0,52.4837807752192
DNATok (encode i64),encode_tok_s,261488774.74936515,2,16384,512,8388608,batch_sweep_16384,32.080183969810605,2.5794808752834797,0.0,34.659664845094085
DNATok (encode i64),h2d_tok_s,3252052798.832288,2,16384,512,8388608,batch_sweep_16384,32.080183969810605,2.5794808752834797,0.0,34.659664845094085
DNATok (staging i64),encode_tok_s,202644032.2633793,0,16384,512,8388608,batch_sweep_16384,41.395781096071005,2.6130271144211292,0.0,44.008808210492134
DNATok (staging i64),h2d_tok_s,3210302699.770626,0,16384,512,8388608,batch_sweep_16384,41.395781096071005,2.6130271144211292,0.0,44.008808210492134
DNATok (staging i64),encode_tok_s,232917103.2244197,1,16384,512,8388608,batch_sweep_16384,36.01542301476002,2.5588099379092455,0.0,38.57423295266926
DNATok (staging i64),h2d_tok_s,3278323987.929393,1,16384,512,8388608,batch_sweep_16384,36.01542301476002,2.5588099379092455,0.0,38.57423295266926
DNATok (staging i64),encode_tok_s,259919109.28182268,2,16384,512,8388608,batch_sweep_16384,32.27391792461276,2.5543998926877975,0.0,34.82831781730056
DNATok (staging i64),h2d_tok_s,3283983852.3377466,2,16384,512,8388608,batch_sweep_16384,32.27391792461276,2.5543998926877975,0.0,34.82831781730056
DNATok (staging i32),encode_tok_s,206098769.8722571,0,16384,512,8388608,batch_sweep_16384,40.70188291370869,16.39039907604456,0.0,57.092281989753246
DNATok (staging i32),h2d_tok_s,511800106.9455592,0,16384,512,8388608,batch_sweep_16384,40.70188291370869,16.39039907604456,0.0,57.092281989753246
DNATok (staging i32),encode_tok_s,223747513.42858407,1,16384,512,8388608,batch_sweep_16384,37.49140212312341,16.64567389525473,0.0,54.13707601837814
DNATok (staging i32),h2d_tok_s,503951239.9910336,1,16384,512,8388608,batch_sweep_16384,37.49140212312341,16.64567389525473,0.0,54.13707601837814
DNATok (staging i32),encode_tok_s,221697558.88478214,2,16384,512,8388608,batch_sweep_16384,37.83807111904025,16.674796119332314,0.0,54.512867238372564
DNATok (staging i32),h2d_tok_s,503071098.43906707,2,16384,512,8388608,batch_sweep_16384,37.83807111904025,16.674796119332314,0.0,54.512867238372564
Streaming baseline,end2end_tok_s,945743734.6576034,0,16384,512,8388608,batch_sweep_16384,0.0,0.0,0.0,8.869853103533387
Streaming baseline,end2end_tok_s,971492341.0374997,1,16384,512,8388608,batch_sweep_16384,0.0,0.0,0.0,8.63476493395865
Streaming baseline,end2end_tok_s,958541930.5318295,2,16384,512,8388608,batch_sweep_16384,0.0,0.0,0.0,8.751425193622708
Streaming pipelined,end2end_tok_s,1084880147.724597,0,16384,512,8388608,batch_sweep_16384,0.0,0.0,0.0,7.732290076091886
Streaming pipelined,end2end_tok_s,1100185578.7379754,1,16384,512,8388608,batch_sweep_16384,0.0,0.0,0.0,7.624720921739936
Streaming pipelined,end2end_tok_s,1089855227.090972,2,16384,512,8388608,batch_sweep_16384,0.0,0.0,0.0,7.696992950513959
HF Rust (robust adapter),encode_tok_s,593572.238667976,0,2048,128,262144,length_sweep_128,441.63790508173406,11.66391302831471,0.0,453.30181811004877
HF Rust (robust adapter),h2d_tok_s,22474790.35239999,0,2048,128,262144,length_sweep_128,441.63790508173406,11.66391302831471,0.0,453.30181811004877
HF Rust (robust adapter),encode_tok_s,593110.3870533686,1,2048,128,262144,length_sweep_128,441.9818059541285,11.971612926572561,0.0,453.95341888070107
HF Rust (robust adapter),h2d_tok_s,21897132.96009906,1,2048,128,262144,length_sweep_128,441.9818059541285,11.971612926572561,0.0,453.95341888070107
HF Rust (robust adapter),encode_tok_s,592538.3924137178,2,2048,128,262144,length_sweep_128,442.40846391767263,12.314083985984325,0.0,454.72254790365696
HF Rust (robust adapter),h2d_tok_s,21288144.5585695,2,2048,128,262144,length_sweep_128,442.40846391767263,12.314083985984325,0.0,454.72254790365696
HF Rust (encode_batch),encode_tok_s,592915.7056651308,0,2048,128,262144,length_sweep_128,442.1269288286567,11.842860840260983,0.0,453.96978966891766
HF Rust (encode_batch),h2d_tok_s,22135192.124255605,0,2048,128,262144,length_sweep_128,442.1269288286567,11.842860840260983,0.0,453.96978966891766
HF Rust (encode_batch),encode_tok_s,586456.7216726433,1,2048,128,262144,length_sweep_128,446.9963260926306,11.892637936398387,0.0,458.888964029029
HF Rust (encode_batch),h2d_tok_s,22042544.421342127,1,2048,128,262144,length_sweep_128,446.9963260926306,11.892637936398387,0.0,458.888964029029
HF Rust (encode_batch),encode_tok_s,582650.8543708802,2,2048,128,262144,length_sweep_128,449.9160998966545,11.929081985726953,0.0,461.84518188238144
HF Rust (encode_batch),h2d_tok_s,21975203.14753919,2,2048,128,262144,length_sweep_128,449.9160998966545,11.929081985726953,0.0,461.84518188238144
DNATok (encode i64),encode_tok_s,362373152.2774004,0,2048,128,262144,length_sweep_128,0.7234090007841587,0.29664882458746433,0.0,1.020057825371623
DNATok (encode i64),h2d_tok_s,883684607.0924145,0,2048,128,262144,length_sweep_128,0.7234090007841587,0.29664882458746433,0.0,1.020057825371623
DNATok (encode i64),encode_tok_s,375219922.0308414,1,2048,128,262144,length_sweep_128,0.6986409425735474,0.2903188578784466,0.0,0.9889598004519939
DNATok (encode i64),h2d_tok_s,902952022.8746454,1,2048,128,262144,length_sweep_128,0.6986409425735474,0.2903188578784466,0.0,0.9889598004519939
DNATok (encode i64),encode_tok_s,383089584.8697546,2,2048,128,262144,length_sweep_128,0.6842890288680792,0.3024800680577755,0.0,0.9867690969258547
DNATok (encode i64),h2d_tok_s,866648839.6515731,2,2048,128,262144,length_sweep_128,0.6842890288680792,0.3024800680577755,0.0,0.9867690969258547
DNATok (staging i64),encode_tok_s,264206877.55565417,0,2048,128,262144,length_sweep_128,0.9921921882778406,0.3050421364605427,0.0,1.2972343247383833
DNATok (staging i64),h2d_tok_s,859369800.6501749,0,2048,128,262144,length_sweep_128,0.9921921882778406,0.3050421364605427,0.0,1.2972343247383833
DNATok (staging i64),encode_tok_s,384479677.56929326,1,2048,128,262144,length_sweep_128,0.6818149704486132,0.3055538982152939,0.0,0.987368868663907
DNATok (staging i64),h2d_tok_s,857930471.6161494,1,2048,128,262144,length_sweep_128,0.6818149704486132,0.3055538982152939,0.0,0.987368868663907
DNATok (staging i64),encode_tok_s,389340361.0476414,2,2048,128,262144,length_sweep_128,0.6733029149472713,0.3080850001424551,0.0,0.9813879150897264
DNATok (staging i64),h2d_tok_s,850882061.3752292,2,2048,128,262144,length_sweep_128,0.6733029149472713,0.3080850001424551,0.0,0.9813879150897264
DNATok (staging i32),encode_tok_s,294240374.68613285,0,2048,128,262144,length_sweep_128,0.8909178432077169,0.378401018679142,0.0,1.269318861886859
DNATok (staging i32),h2d_tok_s,692767691.0465193,0,2048,128,262144,length_sweep_128,0.8909178432077169,0.378401018679142,0.0,1.269318861886859
DNATok (staging i32),encode_tok_s,372683359.08341664,1,2048,128,262144,length_sweep_128,0.7033960428088903,0.38159405812621117,0.0,1.0849901009351015
DNATok (staging i32),h2d_tok_s,686970864.5025511,1,2048,128,262144,length_sweep_128,0.7033960428088903,0.38159405812621117,0.0,1.0849901009351015
DNATok (staging i32),encode_tok_s,365815827.79609966,2,2048,128,262144,length_sweep_128,0.7166010327637196,0.3744130954146385,0.0,1.091014128178358
DNATok (staging i32),h2d_tok_s,700146451.1002008,2,2048,128,262144,length_sweep_128,0.7166010327637196,0.3744130954146385,0.0,1.091014128178358
Streaming baseline,end2end_tok_s,348525324.14579684,0,2048,128,262144,length_sweep_128,0.0,0.0,0.0,0.7521519437432289
Streaming baseline,end2end_tok_s,421457424.0907255,1,2048,128,262144,length_sweep_128,0.0,0.0,0.0,0.6219940260052681
Streaming baseline,end2end_tok_s,416061976.8849353,2,2048,128,262144,length_sweep_128,0.0,0.0,0.0,0.6300599779933691
Streaming pipelined,end2end_tok_s,267124260.08605298,0,2048,128,262144,length_sweep_128,0.0,0.0,0.0,0.9813560172915459
Streaming pipelined,end2end_tok_s,344032253.5512797,1,2048,128,262144,length_sweep_128,0.0,0.0,0.0,0.7619750685989857
Streaming pipelined,end2end_tok_s,335478253.0108197,2,2048,128,262144,length_sweep_128,0.0,0.0,0.0,0.7814038544893265
HF Rust (robust adapter),encode_tok_s,597288.639504349,0,2048,256,524288,length_sweep_256,877.7799631934613,22.840476129204035,0.0,900.6204393226653
HF Rust (robust adapter),h2d_tok_s,22954337.599365573,0,2048,256,524288,length_sweep_256,877.7799631934613,22.840476129204035,0.0,900.6204393226653
HF Rust (robust adapter),encode_tok_s,596947.4671966207,1,2048,256,524288,length_sweep_256,878.2816391903907,23.570952005684376,0.0,901.8525911960751
HF Rust (robust adapter),h2d_tok_s,22242970.919187423,1,2048,256,524288,length_sweep_256,878.2816391903907,23.570952005684376,0.0,901.8525911960751
HF Rust (robust adapter),encode_tok_s,589766.3508786028,2,2048,256,524288,length_sweep_256,888.9757769647986,23.585437797009945,0.0,912.5612147618085
HF Rust (robust adapter),h2d_tok_s,22229309.649128787,2,2048,256,524288,length_sweep_256,888.9757769647986,23.585437797009945,0.0,912.5612147618085
HF Rust (encode_batch),encode_tok_s,598395.7680152159,0,2048,256,524288,length_sweep_256,876.1559289414436,23.441921919584274,0.0,899.5978508610278
HF Rust (encode_batch),h2d_tok_s,22365401.6850039,0,2048,256,524288,length_sweep_256,876.1559289414436,23.441921919584274,0.0,899.5978508610278
HF Rust (encode_batch),encode_tok_s,603723.1672699247,1,2048,256,524288,length_sweep_256,868.4245171025395,23.704771185293794,0.0,892.1292882878333
HF Rust (encode_batch),h2d_tok_s,22117403.95643486,1,2048,256,524288,length_sweep_256,868.4245171025395,23.704771185293794,0.0,892.1292882878333
HF Rust (encode_batch),encode_tok_s,596732.696061482,2,2048,256,524288,length_sweep_256,878.5977431107312,23.674474796280265,0.0,902.2722179070115
HF Rust (encode_batch),h2d_tok_s,22145707.75113356,2,2048,256,524288,length_sweep_256,878.5977431107312,23.674474796280265,0.0,902.2722179070115
DNATok (encode i64),encode_tok_s,367863305.67065436,0,2048,256,524288,length_sweep_256,1.425225054845214,0.5634878762066364,0.0,1.9887129310518503
DNATok (encode i64),h2d_tok_s,930433505.5608872,0,2048,256,524288,length_sweep_256,1.425225054845214,0.5634878762066364,0.0,1.9887129310518503
DNATok (encode i64),encode_tok_s,373080389.3511615,1,2048,256,524288,length_sweep_256,1.4052949845790863,0.5895351059734821,0.0,1.9948300905525684
DNATok (encode i64),h2d_tok_s,889324477.351113,1,2048,256,524288,length_sweep_256,1.4052949845790863,0.5895351059734821,0.0,1.9948300905525684
DNATok (encode i64),encode_tok_s,378850620.10089695,2,2048,256,524288,length_sweep_256,1.3838910963386297,0.5858121439814568,0.0,1.9697032403200865
DNATok (encode i64),h2d_tok_s,894976325.4081599,2,2048,256,524288,length_sweep_256,1.3838910963386297,0.5858121439814568,0.0,1.9697032403200865
DNATok (staging i64),encode_tok_s,266877858.71036616,0,2048,256,524288,length_sweep_256,1.9645241554826498,0.5972811486572027,0.0,2.5618053041398525
DNATok (staging i64),h2d_tok_s,877790971.9379145,0,2048,256,524288,length_sweep_256,1.9645241554826498,0.5972811486572027,0.0,2.5618053041398525
DNATok (staging i64),encode_tok_s,377939308.10569745,1,2048,256,524288,length_sweep_256,1.387228025123477,0.6038870196789503,0.0,1.9911150448024273
DNATok (staging i64),h2d_tok_s,868188887.8464912,1,2048,256,524288,length_sweep_256,1.387228025123477,0.6038870196789503,0.0,1.9911150448024273
DNATok (staging i64),encode_tok_s,383236933.587789,2,2048,256,524288,length_sweep_256,1.3680518604815006,0.5998190026730299,0.0,1.9678708631545305
DNATok (staging i64),h2d_tok_s,874077009.3370934,2,2048,256,524288,length_sweep_256,1.3680518604815006,0.5998190026730299,0.0,1.9678708631545305
DNATok (staging i32),encode_tok_s,349201032.946177,0,2048,256,524288,length_sweep_256,1.5013930387794971,0.8024789858609438,0.0,2.303872024640441
DNATok (staging i32),h2d_tok_s,653335488.2028654,0,2048,256,524288,length_sweep_256,1.5013930387794971,0.8024789858609438,0.0,2.303872024640441
DNATok (staging i32),encode_tok_s,379927613.92771894,1,2048,256,524288,length_sweep_256,1.3799681328237057,0.8094499353319407,0.0,2.1894180681556463
DNATok (staging i32),h2d_tok_s,647708989.9142423,1,2048,256,524288,length_sweep_256,1.3799681328237057,0.8094499353319407,0.0,2.1894180681556463
DNATok (staging i32),encode_tok_s,380561613.8202197,2,2048,256,524288,length_sweep_256,1.3776691630482674,0.7878579199314117,0.0,2.165527082979679
DNATok (staging i32),h2d_tok_s,665460087.0746374,2,2048,256,524288,length_sweep_256,1.3776691630482674,0.7878579199314117,0.0,2.165527082979679
Streaming baseline,end2end_tok_s,517869539.47720605,0,2048,256,524288,length_sweep_256,0.0,0.0,0.0,1.0123939719051123
Streaming baseline,end2end_tok_s,425182283.5952184,1,2048,256,524288,length_sweep_256,0.0,0.0,0.0,1.2330899480730295
Streaming baseline,end2end_tok_s,439144904.5077684,2,2048,256,524288,length_sweep_256,0.0,0.0,0.0,1.193883828818798
Streaming pipelined,end2end_tok_s,417916208.08755493,0,2048,256,524288,length_sweep_256,0.0,0.0,0.0,1.2545289937406778
Streaming pipelined,end2end_tok_s,461909359.60076326,1,2048,256,524288,length_sweep_256,0.0,0.0,0.0,1.1350451968610287
Streaming pipelined,end2end_tok_s,457547391.6942174,2,2048,256,524288,length_sweep_256,0.0,0.0,0.0,1.1458660010248423
HF Rust (robust adapter),encode_tok_s,599772.7208750646,0,2048,512,1048576,length_sweep_512,1748.2889159582555,46.43308091908693,0.0,1794.7219968773425
HF Rust (robust adapter),h2d_tok_s,22582520.462668005,0,2048,512,1048576,length_sweep_512,1748.2889159582555,46.43308091908693,0.0,1794.7219968773425
HF Rust (robust adapter),encode_tok_s,596172.6364037169,1,2048,512,1048576,length_sweep_512,1758.846240118146,45.881821075454354,0.0,1804.7280611936003
HF Rust (robust adapter),h2d_tok_s,22853844.407692056,1,2048,512,1048576,length_sweep_512,1758.846240118146,45.881821075454354,0.0,1804.7280611936003
HF Rust (robust adapter),encode_tok_s,598198.0994188699,2,2048,512,1048576,length_sweep_512,1752.8908918611705,46.16468003951013,0.0,1799.0555719006807
HF Rust (robust adapter),h2d_tok_s,22713814.957724698,2,2048,512,1048576,length_sweep_512,1752.8908918611705,46.16468003951013,0.0,1799.0555719006807
HF Rust (encode_batch),encode_tok_s,603677.1820306191,0,2048,512,1048576,length_sweep_512,1736.9813390541822,46.42343404702842,0.0,1783.4047731012106
HF Rust (encode_batch),h2d_tok_s,22587213.150534254,0,2048,512,1048576,length_sweep_512,1736.9813390541822,46.42343404702842,0.0,1783.4047731012106
HF Rust (encode_batch),encode_tok_s,603460.766254182,1,2048,512,1048576,length_sweep_512,1737.6042630057782,46.04254011064768,0.0,1783.6468031164259
HF Rust (encode_batch),h2d_tok_s,22774069.316768844,1,2048,512,1048576,length_sweep_512,1737.6042630057782,46.04254011064768,0.0,1783.6468031164259
HF Rust (encode_batch),encode_tok_s,595164.5838246477,2,2048,512,1048576,length_sweep_512,1761.825263965875,47.16272186487913,0.0,1808.987985830754
HF Rust (encode_batch),h2d_tok_s,22233152.764256544,2,2048,512,1048576,length_sweep_512,1761.825263965875,47.16272186487913,0.0,1808.987985830754
DNATok (encode i64),encode_tok_s,353014626.276852,0,2048,512,1048576,length_sweep_512,2.9703471809625626,1.0014870204031467,0.0,3.9718342013657093
DNATok (encode i64),h2d_tok_s,1047019061.2933732,0,2048,512,1048576,length_sweep_512,2.9703471809625626,1.0014870204031467,0.0,3.9718342013657093
DNATok (encode i64),encode_tok_s,354431486.08614665,1,2048,512,1048576,length_sweep_512,2.958473050966859,1.1121109127998352,0.0,4.070583963766694
DNATok (encode i64),h2d_tok_s,942869985.2968076,1,2048,512,1048576,length_sweep_512,2.958473050966859,1.1121109127998352,0.0,4.070583963766694
DNATok (encode i64),encode_tok_s,356574574.04952204,2,2048,512,1048576,length_sweep_512,2.9406920075416565,1.1358549818396568,0.0,4.076546989381313
DNATok (encode i64),h2d_tok_s,923160101.2144192,2,2048,512,1048576,length_sweep_512,2.9406920075416565,1.1358549818396568,0.0,4.076546989381313
DNATok (staging i64),encode_tok_s,263580373.3722287,0,2048,512,1048576,length_sweep_512,3.9782021194696426,1.1266109067946672,0.0,5.10481302626431
DNATok (staging i64),h2d_tok_s,930734820.4033589,0,2048,512,1048576,length_sweep_512,3.9782021194696426,1.1266109067946672,0.0,5.10481302626431
DNATok (staging i64),encode_tok_s,368971341.74629706,1,2048,512,1048576,length_sweep_512,2.8418900910764933,1.013607019558549,0.0,3.855497110635042
DNATok (staging i64),h2d_tok_s,1034499544.4651527,1,2048,512,1048576,length_sweep_512,2.8418900910764933,1.013607019558549,0.0,3.855497110635042
DNATok (staging i64),encode_tok_s,374148682.27313006,2,2048,512,1048576,length_sweep_512,2.8025649953633547,1.0129350703209639,0.0,3.8155000656843185
DNATok (staging i64),h2d_tok_s,1035185798.8960168,2,2048,512,1048576,length_sweep_512,2.8025649953633547,1.0129350703209639,0.0,3.8155000656843185
DNATok (staging i32),encode_tok_s,349296097.05791897,0,2048,512,1048576,length_sweep_512,3.001968841999769,1.3735669199377298,0.0,4.375535761937499
DNATok (staging i32),h2d_tok_s,763396369.5394883,0,2048,512,1048576,length_sweep_512,3.001968841999769,1.3735669199377298,0.0,4.375535761937499
DNATok (staging i32),encode_tok_s,384224675.6767141,1,2048,512,1048576,length_sweep_512,2.729069907218218,1.2355351354926825,0.0,3.9646050427109003
DNATok (staging i32),h2d_tok_s,848681652.0858141,1,2048,512,1048576,length_sweep_512,2.729069907218218,1.2355351354926825,0.0,3.9646050427109003
DNATok (staging i32),encode_tok_s,380026356.74639624,2,2048,512,1048576,length_sweep_512,2.7592191472649574,1.2322149705141783,0.0,3.9914341177791357
DNATok (staging i32),h2d_tok_s,850968398.4462959,2,2048,512,1048576,length_sweep_512,2.7592191472649574,1.2322149705141783,0.0,3.9914341177791357
Streaming baseline,end2end_tok_s,674192772.1083475,0,2048,512,1048576,length_sweep_512,0.0,0.0,0.0,1.5553059056401253
Streaming baseline,end2end_tok_s,512697462.9773108,1,2048,512,1048576,length_sweep_512,0.0,0.0,0.0,2.045213943347335
Streaming baseline,end2end_tok_s,510938693.6335391,2,2048,512,1048576,length_sweep_512,0.0,0.0,0.0,2.052254043519497
Streaming pipelined,end2end_tok_s,468400794.04014087,0,2048,512,1048576,length_sweep_512,0.0,0.0,0.0,2.238629851490259
Streaming pipelined,end2end_tok_s,538189727.7132714,1,2048,512,1048576,length_sweep_512,0.0,0.0,0.0,1.948338933289051
Streaming pipelined,end2end_tok_s,565398695.1700937,2,2048,512,1048576,length_sweep_512,0.0,0.0,0.0,1.8545780330896378
HF Rust (robust adapter),encode_tok_s,601668.1119889251,0,2048,1024,2097152,length_sweep_1024,3485.5628181248903,91.72321786172688,0.0,3577.286035986617
HF Rust (robust adapter),h2d_tok_s,22863916.562123507,0,2048,1024,2097152,length_sweep_1024,3485.5628181248903,91.72321786172688,0.0,3577.286035986617
HF Rust (robust adapter),encode_tok_s,596527.7680146849,1,2048,1024,2097152,length_sweep_1024,3515.5982880387455,95.48319620080292,0.0,3611.0814842395484
HF Rust (robust adapter),h2d_tok_s,21963571.428732347,1,2048,1024,2097152,length_sweep_1024,3515.5982880387455,95.48319620080292,0.0,3611.0814842395484
HF Rust (robust adapter),encode_tok_s,600431.7308846511,2,2048,1024,2097152,length_sweep_1024,3492.740127025172,91.82032686658204,0.0,3584.560453891754
HF Rust (robust adapter),h2d_tok_s,22839735.727005538,2,2048,1024,2097152,length_sweep_1024,3492.740127025172,91.82032686658204,0.0,3584.560453891754
HF Rust (encode_batch),encode_tok_s,593832.4746682515,0,2048,1024,2097152,length_sweep_1024,3531.554924091324,90.77637200243771,0.0,3622.331296093762
HF Rust (encode_batch),h2d_tok_s,23102399.377050266,0,2048,1024,2097152,length_sweep_1024,3531.554924091324,90.77637200243771,0.0,3622.331296093762
HF Rust (encode_batch),encode_tok_s,600080.4330059479,1,2048,1024,2097152,length_sweep_1024,3494.7848399169743,93.33393489941955,0.0,3588.118774816394
HF Rust (encode_batch),h2d_tok_s,22469340.891498644,1,2048,1024,2097152,length_sweep_1024,3494.7848399169743,93.33393489941955,0.0,3588.118774816394
HF Rust (encode_batch),encode_tok_s,598585.701600677,2,2048,1024,2097152,length_sweep_1024,3503.511684946716,93.27995195053518,0.0,3596.791636897251
HF Rust (encode_batch),h2d_tok_s,22482344.342459407,2,2048,1024,2097152,length_sweep_1024,3503.511684946716,93.27995195053518,0.0,3596.791636897251
DNATok (encode i64),encode_tok_s,341095107.86599696,0,2048,1024,2097152,length_sweep_1024,6.148291053250432,1.7341889906674623,0.0,7.882480043917894
DNATok (encode i64),h2d_tok_s,1209298416.312076,0,2048,1024,2097152,length_sweep_1024,6.148291053250432,1.7341889906674623,0.0,7.882480043917894
DNATok (encode i64),encode_tok_s,350288971.4982229,1,2048,1024,2097152,length_sweep_1024,5.986919859424233,1.8718531355261803,0.0,7.858772994950414
DNATok (encode i64),h2d_tok_s,1120361400.2604365,1,2048,1024,2097152,length_sweep_1024,5.986919859424233,1.8718531355261803,0.0,7.858772994950414
DNATok (encode i64),encode_tok_s,363842860.47361106,2,2048,1024,2097152,length_sweep_1024,5.7638948783278465,1.6297809779644012,0.0,7.393675856292248
DNATok (encode i64),h2d_tok_s,1286769221.3584096,2,2048,1024,2097152,length_sweep_1024,5.7638948783278465,1.6297809779644012,0.0,7.393675856292248
DNATok (staging i64),encode_tok_s,263238942.6597777,0,2048,1024,2097152,length_sweep_1024,7.966723991557956,1.4034979976713657,0.0,9.370221989229321
DNATok (staging i64),h2d_tok_s,1494232270.711836,0,2048,1024,2097152,length_sweep_1024,7.966723991557956,1.4034979976713657,0.0,9.370221989229321
DNATok (staging i64),encode_tok_s,255942889.84645817,1,2048,1024,2097152,length_sweep_1024,8.193827932700515,1.2971761170774698,0.0,9.491004049777985
DNATok (staging i64),h2d_tok_s,1616705682.7448158,1,2048,1024,2097152,length_sweep_1024,8.193827932700515,1.2971761170774698,0.0,9.491004049777985
DNATok (staging i64),encode_tok_s,375231833.1005142,2,2048,1024,2097152,length_sweep_1024,5.588950123637915,1.260451041162014,0.0,6.849401164799929
DNATok (staging i64),h2d_tok_s,1663810756.2405825,2,2048,1024,2097152,length_sweep_1024,5.588950123637915,1.260451041162014,0.0,6.849401164799929
DNATok (staging i32),encode_tok_s,203168795.9198462,0,2048,1024,2097152,length_sweep_1024,10.322215035557747,1.7990220803767443,0.0,12.121237115934491
DNATok (staging i32),h2d_tok_s,1165717765.7101476,0,2048,1024,2097152,length_sweep_1024,10.322215035557747,1.7990220803767443,0.0,12.121237115934491
DNATok (staging i32),encode_tok_s,384120004.4497142,1,2048,1024,2097152,length_sweep_1024,5.459627136588097,1.7572620417922735,0.0,7.21688917838037
DNATok (staging i32),h2d_tok_s,1193420190.1163611,1,2048,1024,2097152,length_sweep_1024,5.459627136588097,1.7572620417922735,0.0,7.21688917838037
DNATok (staging i32),encode_tok_s,386705659.00712705,2,2048,1024,2097152,length_sweep_1024,5.423122085630894,1.6615900676697493,0.0,7.084712153300643
DNATok (staging i32),h2d_tok_s,1262135613.8347,2,2048,1024,2097152,length_sweep_1024,5.423122085630894,1.6615900676697493,0.0,7.084712153300643
Streaming baseline,end2end_tok_s,829344849.0731645,0,2048,1024,2097152,length_sweep_1024,0.0,0.0,0.0,2.5286851450800896
Streaming baseline,end2end_tok_s,754870871.474071,1,2048,1024,2097152,length_sweep_1024,0.0,0.0,0.0,2.7781599201261997
Streaming baseline,end2end_tok_s,752102199.3631272,2,2048,1024,2097152,length_sweep_1024,0.0,0.0,0.0,2.788387006148696
Streaming pipelined,end2end_tok_s,814717159.9898325,0,2048,1024,2097152,length_sweep_1024,0.0,0.0,0.0,2.574085956439376
Streaming pipelined,end2end_tok_s,669789798.6838733,1,2048,1024,2097152,length_sweep_1024,0.0,0.0,0.0,3.131059929728508
Streaming pipelined,end2end_tok_s,822403208.1270478,2,2048,1024,2097152,length_sweep_1024,0.0,0.0,0.0,2.5500289630144835
HF Rust (robust adapter),encode_tok_s,606751.778208675,0,2048,2048,4194304,length_sweep_2048,6912.718100938946,193.79008607938886,0.0,7106.508187018335
HF Rust (robust adapter),h2d_tok_s,21643542.685056366,0,2048,2048,4194304,length_sweep_2048,6912.718100938946,193.79008607938886,0.0,7106.508187018335
HF Rust (robust adapter),encode_tok_s,601610.2112422755,1,2048,2048,4194304,length_sweep_2048,6971.796558005735,193.94555897451937,0.0,7165.742116980255
HF Rust (robust adapter),h2d_tok_s,21626192.536592443,1,2048,2048,4194304,length_sweep_2048,6971.796558005735,193.94555897451937,0.0,7165.742116980255
HF Rust (robust adapter),encode_tok_s,605511.7317553284,2,2048,2048,4194304,length_sweep_2048,6926.8748729955405,194.47196298278868,0.0,7121.346835978329
HF Rust (robust adapter),h2d_tok_s,21567653.946966164,2,2048,2048,4194304,length_sweep_2048,6926.8748729955405,194.47196298278868,0.0,7121.346835978329
HF Rust (encode_batch),encode_tok_s,601466.8164180842,0,2048,2048,4194304,length_sweep_2048,6973.458693828434,193.27750895172358,0.0,7166.736202780157
HF Rust (encode_batch),h2d_tok_s,21700941.93964205,0,2048,2048,4194304,length_sweep_2048,6973.458693828434,193.27750895172358,0.0,7166.736202780157
HF Rust (encode_batch),encode_tok_s,601836.9134693353,1,2048,2048,4194304,length_sweep_2048,6969.1703950520605,193.57936410233378,0.0,7162.749759154394
HF Rust (encode_batch),h2d_tok_s,21667102.893171627,1,2048,2048,4194304,length_sweep_2048,6969.1703950520605,193.57936410233378,0.0,7162.749759154394
HF Rust (encode_batch),encode_tok_s,603003.5573485891,2,2048,2048,4194304,length_sweep_2048,6955.686992034316,191.4918408729136,0.0,7147.17883290723
HF Rust (encode_batch),h2d_tok_s,21903303.978280786,2,2048,2048,4194304,length_sweep_2048,6955.686992034316,191.4918408729136,0.0,7147.17883290723
DNATok (encode i64),encode_tok_s,293715884.50249255,0,2048,2048,4194304,length_sweep_2048,14.280140167102218,1.9745051395148039,0.0,16.25464530661702
DNATok (encode i64),h2d_tok_s,2124230479.8612316,0,2048,2048,4194304,length_sweep_2048,14.280140167102218,1.9745051395148039,0.0,16.25464530661702
DNATok (encode i64),encode_tok_s,289615498.18409896,1,2048,2048,4194304,length_sweep_2048,14.482318889349699,2.094346098601818,0.0,16.576664987951517
DNATok (encode i64),h2d_tok_s,2002679501.157956,1,2048,2048,4194304,length_sweep_2048,14.482318889349699,2.094346098601818,0.0,16.576664987951517
DNATok (encode i64),encode_tok_s,298719923.88932604,2,2048,2048,4194304,length_sweep_2048,14.040924841538072,1.7852559685707092,0.0,15.82618081010878
DNATok (encode i64),h2d_tok_s,2349413234.763189,2,2048,2048,4194304,length_sweep_2048,14.040924841538072,1.7852559685707092,0.0,15.82618081010878
DNATok (staging i64),encode_tok_s,240532224.18236953,0,2048,2048,4194304,length_sweep_2048,17.43759703822434,1.7837060149759054,0.0,19.221303053200245
DNATok (staging i64),h2d_tok_s,2351454760.361201,0,2048,2048,4194304,length_sweep_2048,17.43759703822434,1.7837060149759054,0.0,19.221303053200245
DNATok (staging i64),encode_tok_s,299334244.61178267,1,2048,2048,4194304,length_sweep_2048,14.012108789756894,1.626454060897231,0.0,15.638562850654125
DNATok (staging i64),h2d_tok_s,2578802623.96481,1,2048,2048,4194304,length_sweep_2048,14.012108789756894,1.626454060897231,0.0,15.638562850654125
DNATok (staging i64),encode_tok_s,301315788.0256701,2,2048,2048,4194304,length_sweep_2048,13.919960940256715,1.7224319744855165,0.0,15.642392914742231
DNATok (staging i64),h2d_tok_s,2435105747.0660467,2,2048,2048,4194304,length_sweep_2048,13.919960940256715,1.7224319744855165,0.0,15.642392914742231
DNATok (staging i32),encode_tok_s,285688538.9410125,0,2048,2048,4194304,length_sweep_2048,14.681386994197965,7.778543047606945,0.0,22.45993004180491
DNATok (staging i32),h2d_tok_s,539214602.8285297,0,2048,2048,4194304,length_sweep_2048,14.681386994197965,7.778543047606945,0.0,22.45993004180491
DNATok (staging i32),encode_tok_s,301590537.79836583,1,2048,2048,4194304,length_sweep_2048,13.907279819250107,8.18233098834753,0.0,22.089610807597637
DNATok (staging i32),h2d_tok_s,512605027.3416114,1,2048,2048,4194304,length_sweep_2048,13.907279819250107,8.18233098834753,0.0,22.089610807597637
DNATok (staging i32),encode_tok_s,299133738.7077932,2,2048,2048,4194304,length_sweep_2048,14.021500945091248,8.533294079825282,0.0,22.55479502491653
DNATok (staging i32),h2d_tok_s,491522261.01246446,2,2048,2048,4194304,length_sweep_2048,14.021500945091248,8.533294079825282,0.0,22.55479502491653
Streaming baseline,end2end_tok_s,881266108.3227899,0,2048,2048,4194304,length_sweep_2048,0.0,0.0,0.0,4.759406903758645
Streaming baseline,end2end_tok_s,880058656.3892503,1,2048,2048,4194304,length_sweep_2048,0.0,0.0,0.0,4.7659368719905615
Streaming baseline,end2end_tok_s,877597983.0542659,2,2048,2048,4194304,length_sweep_2048,0.0,0.0,0.0,4.779299953952432
Streaming pipelined,end2end_tok_s,947135633.1673517,0,2048,2048,4194304,length_sweep_2048,0.0,0.0,0.0,4.428409039974213
Streaming pipelined,end2end_tok_s,987143607.9964855,1,2048,2048,4194304,length_sweep_2048,0.0,0.0,0.0,4.248929908499122
Streaming pipelined,end2end_tok_s,986810994.1855354,2,2048,2048,4194304,length_sweep_2048,0.0,0.0,0.0,4.250362049788237
HF Rust (robust adapter),encode_tok_s,606131.8091462044,0,2048,4096,8388608,length_sweep_4096,13839.577256003395,394.46179708465934,0.0,14234.039053088054
HF Rust (robust adapter),h2d_tok_s,21265957.976152603,0,2048,4096,8388608,length_sweep_4096,13839.577256003395,394.46179708465934,0.0,14234.039053088054
HF Rust (robust adapter),encode_tok_s,603975.6508455498,1,2048,4096,8388608,length_sweep_4096,13888.98375001736,381.44751195795834,0.0,14270.431261975318
HF Rust (robust adapter),h2d_tok_s,21991513.21486286,1,2048,4096,8388608,length_sweep_4096,13888.98375001736,381.44751195795834,0.0,14270.431261975318
HF Rust (robust adapter),encode_tok_s,602712.1900399531,2,2048,4096,8388608,length_sweep_4096,13918.099116999656,382.6274669263512,0.0,14300.726583926007
HF Rust (robust adapter),h2d_tok_s,21923695.304432116,2,2048,4096,8388608,length_sweep_4096,13918.099116999656,382.6274669263512,0.0,14300.726583926007
HF Rust (encode_batch),encode_tok_s,604917.4139332565,0,2048,4096,8388608,length_sweep_4096,13867.360745090991,384.42840799689293,0.0,14251.789153087884
HF Rust (encode_batch),h2d_tok_s,21820988.838233307,0,2048,4096,8388608,length_sweep_4096,13867.360745090991,384.42840799689293,0.0,14251.789153087884
HF Rust (encode_batch),encode_tok_s,599065.0577549783,1,2048,4096,8388608,length_sweep_4096,14002.833066973835,384.1270131524652,0.0,14386.9600801263
HF Rust (encode_batch),h2d_tok_s,21838110.085401487,1,2048,4096,8388608,length_sweep_4096,14002.833066973835,384.1270131524652,0.0,14386.9600801263
HF Rust (encode_batch),encode_tok_s,593622.0450802882,2,2048,4096,8388608,length_sweep_4096,14131.227216916159,389.1118580941111,0.0,14520.33907501027
HF Rust (encode_batch),h2d_tok_s,21558345.82139905,2,2048,4096,8388608,length_sweep_4096,14131.227216916159,389.1118580941111,0.0,14520.33907501027
DNATok (encode i64),encode_tok_s,284325059.9972263,0,2048,4096,8388608,length_sweep_4096,29.50358297675848,2.565481001511216,0.0,32.069063978269696
DNATok (encode i64),h2d_tok_s,3269799306.663595,0,2048,4096,8388608,length_sweep_4096,29.50358297675848,2.565481001511216,0.0,32.069063978269696
DNATok (encode i64),encode_tok_s,296916093.5145671,1,2048,4096,8388608,length_sweep_4096,28.252453077584505,2.6593939401209354,0.0,30.91184701770544
DNATok (encode i64),h2d_tok_s,3154330719.283556,1,2048,4096,8388608,length_sweep_4096,28.252453077584505,2.6593939401209354,0.0,30.91184701770544
DNATok (encode i64),encode_tok_s,295260626.143591,2,2048,4096,8388608,length_sweep_4096,28.410858940333128,2.5913130957633257,0.0,31.002172036096454
DNATok (encode i64),h2d_tok_s,3237203568.2276206,2,2048,4096,8388608,length_sweep_4096,28.410858940333128,2.5913130957633257,0.0,31.002172036096454
DNATok (staging i64),encode_tok_s,224130841.70830137,0,2048,4096,8388608,length_sweep_4096,37.42728102952242,2.611909992992878,0.0,40.0391910225153
DNATok (staging i64),h2d_tok_s,3211675755.483383,0,2048,4096,8388608,length_sweep_4096,37.42728102952242,2.611909992992878,0.0,40.0391910225153
DNATok (staging i64),encode_tok_s,245162662.9237112,1,2048,4096,8388608,length_sweep_4096,34.21649895608425,2.587642055004835,0.0,36.80414101108909
DNATok (staging i64),h2d_tok_s,3241796130.1005077,1,2048,4096,8388608,length_sweep_4096,34.21649895608425,2.587642055004835,0.0,36.80414101108909
DNATok (staging i64),encode_tok_s,273746559.5637619,2,2048,4096,8388608,length_sweep_4096,30.643702019006014,2.5736719835549593,0.0,33.21737400256097
DNATok (staging i64),h2d_tok_s,3259392826.125803,2,2048,4096,8388608,length_sweep_4096,30.643702019006014,2.5736719835549593,0.0,33.21737400256097
DNATok (staging i32),encode_tok_s,224697236.20882285,0,2048,4096,8388608,length_sweep_4096,37.33293805271387,16.626984113827348,0.0,53.95992216654122
DNATok (staging i32),h2d_tok_s,504517713.0483849,0,2048,4096,8388608,length_sweep_4096,37.33293805271387,16.626984113827348,0.0,53.95992216654122
DNATok (staging i32),encode_tok_s,226493566.1952941,1,2048,4096,8388608,length_sweep_4096,37.03684895299375,16.458219848573208,0.0,53.49506880156696
DNATok (staging i32),h2d_tok_s,509691089.1445665,1,2048,4096,8388608,length_sweep_4096,37.03684895299375,16.458219848573208,0.0,53.49506880156696
DNATok (staging i32),encode_tok_s,226618185.35460463,2,2048,4096,8388608,length_sweep_4096,37.01648209244013,16.580560943111777,0.0,53.597043035551906
DNATok (staging i32),h2d_tok_s,505930289.61936057,2,2048,4096,8388608,length_sweep_4096,37.01648209244013,16.580560943111777,0.0,53.597043035551906
Streaming baseline,end2end_tok_s,963918210.8546638,0,2048,4096,8388608,length_sweep_4096,0.0,0.0,0.0,8.70261387899518
Streaming baseline,end2end_tok_s,973735875.229107,1,2048,4096,8388608,length_sweep_4096,0.0,0.0,0.0,8.614870021119714
Streaming baseline,end2end_tok_s,972880542.697096,2,2048,4096,8388608,length_sweep_4096,0.0,0.0,0.0,8.622444001957774
Streaming pipelined,end2end_tok_s,1106096493.4853244,0,2048,4096,8388608,length_sweep_4096,0.0,0.0,0.0,7.583974860608578
Streaming pipelined,end2end_tok_s,1110212808.0300608,1,2048,4096,8388608,length_sweep_4096,0.0,0.0,0.0,7.5558559037745
Streaming pipelined,end2end_tok_s,1109345217.4960072,2,2048,4096,8388608,length_sweep_4096,0.0,0.0,0.0,7.561765145510435
Ablation-baseline,end2end_tok_s,907411815.3890488,0,4096,512,2097152,ablation_baseline,0.0,0.0,0.0,2.3111358750611544
Ablation-baseline,end2end_tok_s,718668364.5658449,1,4096,512,2097152,ablation_baseline,0.0,0.0,0.0,2.918108133599162
Ablation-baseline,end2end_tok_s,717840394.2050428,2,4096,512,2097152,ablation_baseline,0.0,0.0,0.0,2.9214739333838224
Ablation-baseline,end2end_tok_s,718313941.0463667,3,4096,512,2097152,ablation_baseline,0.0,0.0,0.0,2.9195479582995176
Ablation-baseline,end2end_tok_s,717448667.7304823,4,4096,512,2097152,ablation_baseline,0.0,0.0,0.0,2.923069056123495
Ablation-int32_only,end2end_tok_s,710284318.3653833,0,4096,512,2097152,ablation_int32_only,0.0,0.0,0.0,2.952552866190672
Ablation-int32_only,end2end_tok_s,689956128.9484688,1,4096,512,2097152,ablation_int32_only,0.0,0.0,0.0,3.0395439825952053
Ablation-int32_only,end2end_tok_s,689064101.873429,2,4096,512,2097152,ablation_int32_only,0.0,0.0,0.0,3.0434788204729557
Ablation-int32_only,end2end_tok_s,696348365.2248979,3,4096,512,2097152,ablation_int32_only,0.0,0.0,0.0,3.011642023921013
Ablation-int32_only,end2end_tok_s,731088406.7983136,4,4096,512,2097152,ablation_int32_only,0.0,0.0,0.0,2.868534065783024
Ablation-overlap_only,end2end_tok_s,895050674.5018047,0,4096,512,2097152,ablation_overlap_only,0.0,0.0,0.0,2.3430539295077324
Ablation-overlap_only,end2end_tok_s,751894575.0375348,1,4096,512,2097152,ablation_overlap_only,0.0,0.0,0.0,2.7891569770872593
Ablation-overlap_only,end2end_tok_s,752421424.7608579,2,4096,512,2097152,ablation_overlap_only,0.0,0.0,0.0,2.7872039936482906
Ablation-overlap_only,end2end_tok_s,752549165.6590004,3,4096,512,2097152,ablation_overlap_only,0.0,0.0,0.0,2.786730881780386
Ablation-overlap_only,end2end_tok_s,755292507.3019072,4,4096,512,2097152,ablation_overlap_only,0.0,0.0,0.0,2.7766090352088213
Ablation-both,end2end_tok_s,494319390.69614524,0,4096,512,2097152,ablation_both,0.0,0.0,0.0,4.2425040155649185
Ablation-both,end2end_tok_s,764029604.6008198,1,4096,512,2097152,ablation_both,0.0,0.0,0.0,2.7448569890111685
Ablation-both,end2end_tok_s,760779034.5812744,2,4096,512,2097152,ablation_both,0.0,0.0,0.0,2.7565849013626575
Ablation-both,end2end_tok_s,760191912.7515293,3,4096,512,2097152,ablation_both,0.0,0.0,0.0,2.7587139047682285
Ablation-both,end2end_tok_s,766387194.7795434,4,4096,512,2097152,ablation_both,0.0,0.0,0.0,2.7364131528884172
