Model,Scenario,Batch,SeqLen,Path,Baseline (s),DNATok (s),Speedup
NT,Latency,1,1020,ids,0.0008048823413749536,0.0015521692888190348,0.5185531933745107
NT,Throughput,32,1020,bytes,0.012374837029104432,0.0003333266358822584,37.125257021090924
NT,LongSeq,1,4092,bytes,0.0015812612449129422,0.0002733097256471713,5.785601815554374
Hyena,Latency,1,1024,bytes,0.0007436366286128759,0.00016904862908025584,4.398950956649489
Hyena,Throughput,64,1024,ids,0.025589855077366035,0.01570231296742956,1.6296869849967746
Hyena,LongSeq,1,8192,bytes,0.007129594373206298,0.00030363226930300397,23.481016657328528
Evo2,Latency,1,1024,ids,1.3523835736947756,0.05644740591136118,23.95829448422148
Evo2,Throughput,16,1024,ids,0.5687710620307674,0.5685782437212765,1.0003391236151227
Evo2,LongSeq,1,4096,ids,0.16716291406191885,0.1770749419617156,0.9440235428571266
